render  0/90 frames  0.0 s
proto-pass directional_blur content=Rect { left: 4.515625, top: 25.516876, right: 298.65247, bottom: 116.92313 } output=Rect { left: -16.484375, top: 24.516876, right: 319.65247, bottom: 117.92313 }
proto-pass directional_blur content=Rect { left: 4.515625, top: 25.516876, right: 298.6525, bottom: 116.92313 } output=Rect { left: -16.484375, top: 24.516876, right: 319.6525, bottom: 117.92313 }
proto-pass directional_blur content=Rect { left: 4.515625, top: 25.516876, right: 298.6525, bottom: 116.92313 } output=Rect { left: -16.484375, top: 24.516876, right: 319.6525, bottom: 117.92313 }
proto-pass directional_blur content=Rect { left: 4.515625, top: 25.516876, right: 298.65247, bottom: 116.92313 } output=Rect { left: -11.484375, top: 9.516876, right: 314.65247, bottom: 132.92313 }
proto-pass directional_blur content=Rect { left: 0.94421387, top: 18.829727, right: 302.1383, bottom: 122.508194 } output=Rect { left: -15.055786, top: 2.8297272, right: 318.1383, bottom: 138.5082 }
proto-pass directional_blur content=Rect { left: 2.751831, top: 22.21463, right: 300.37262, bottom: 119.072235 } output=Rect { left: -13.248169, top: 6.21463, right: 316.37262, bottom: 135.07224 }
proto-pass directional_blur content=Rect { left: 4.515564, top: 25.516876, right: 298.65247, bottom: 116.92313 } output=Rect { left: 2.515564, top: 4.516876, right: 300.65247, bottom: 137.92313 }
proto-pass directional_blur content=Rect { left: 4.515747, top: 25.516876, right: 298.65247, bottom: 116.92313 } output=Rect { left: 2.515747, top: 4.516876, right: 300.65247, bottom: 137.92313 }
proto-pass directional_blur content=Rect { left: 4.515564, top: 25.516876, right: 298.6524, bottom: 116.92313 } output=Rect { left: 2.515564, top: 4.516876, right: 300.6524, bottom: 137.92313 }
proto-pass directional_blur content=Rect { left: 4.515625, top: 25.516846, right: 298.6525, bottom: 116.923096 } output=Rect { left: -14.484375, top: 13.516846, right: 317.6525, bottom: 128.9231 }
proto-pass directional_blur content=Rect { left: 4.515625, top: 25.516846, right: 298.6525, bottom: 116.923096 } output=Rect { left: -14.484375, top: 13.516846, right: 317.6525, bottom: 128.9231 }
proto-pass directional_blur content=Rect { left: 4.515625, top: 25.516846, right: 298.6525, bottom: 116.923096 } output=Rect { left: -14.484375, top: 13.516846, right: 317.6525, bottom: 128.9231 }
proto-pass directional_blur content=Rect { left: 4.515625, top: 25.516846, right: 298.65247, bottom: 116.923096 } output=Rect { left: -39.484375, top: -18.483154, right: 342.65247, bottom: 160.9231 }
proto-pass directional_blur content=Rect { left: 4.515625, top: 25.516846, right: 298.65247, bottom: 116.923096 } output=Rect { left: -39.484375, top: -18.483154, right: 342.65247, bottom: 160.9231 }
proto-pass directional_blur content=Rect { left: 4.515625, top: 25.516846, right: 298.65247, bottom: 116.923096 } output=Rect { left: -39.484375, top: -18.483154, right: 342.65247, bottom: 160.9231 }
proto-pass directional_blur content=Rect { left: -7.484375, top: 13.516846, right: 310.65247, bottom: 128.9231 } output=Rect { left: -16.484375, top: -0.4831543, right: 319.65247, bottom: 142.9231 }
proto-pass directional_blur content=Rect { left: -7.484375, top: 13.516846, right: 310.65247, bottom: 128.9231 } output=Rect { left: -16.484375, top: -0.4831543, right: 319.65247, bottom: 142.9231 }
proto-pass directional_blur content=Rect { left: -7.484375, top: 13.516846, right: 310.65247, bottom: 128.9231 } output=Rect { left: -16.484375, top: -0.4831543, right: 319.65247, bottom: 142.9231 }
proto-pass directional_blur content=Rect { left: 4.515625, top: 25.516876, right: 298.6525, bottom: 116.92313 } output=Rect { left: -16.484375, top: 24.516876, right: 319.6525, bottom: 117.92313 }
proto-pass directional_blur content=Rect { left: 4.515625, top: 25.516876, right: 298.65247, bottom: 116.92313 } output=Rect { left: -16.484375, top: 24.516876, right: 319.65247, bottom: 117.92313 }
proto-pass directional_blur content=Rect { left: 4.515625, top: 25.516876, right: 298.6525, bottom: 116.92313 } output=Rect { left: -16.484375, top: 24.516876, right: 319.6525, bottom: 117.92313 }
proto-pass directional_blur content=Rect { left: 3.6360474, top: 23.869843, right: 299.51013, bottom: 117.392044 } output=Rect { left: -12.363953, top: 7.8698425, right: 315.51013, bottom: 133.39204 }
proto-pass directional_blur content=Rect { left: 1.8366699, top: 20.5009, right: 301.26624, bottom: 120.81178 } output=Rect { left: -14.16333, top: 4.5009003, right: 317.26624, bottom: 136.81178 }
proto-pass directional_blur content=Rect { left: 0.047424316, top: 17.15094, right: 303.015, bottom: 124.21234 } output=Rect { left: -15.952576, top: 1.15094, right: 319.015, bottom: 140.21234 }
proto-pass directional_blur content=Rect { left: 4.515564, top: 25.516876, right: 298.6524, bottom: 116.92313 } output=Rect { left: 2.515564, top: 4.516876, right: 300.6524, bottom: 137.92313 }
proto-pass directional_blur content=Rect { left: 4.515747, top: 25.516876, right: 298.65253, bottom: 116.92313 } output=Rect { left: 2.515747, top: 4.516876, right: 300.65253, bottom: 137.92313 }
proto-pass directional_blur content=Rect { left: 4.515564, top: 25.516876, right: 298.65247, bottom: 116.92313 } output=Rect { left: 2.515564, top: 4.516876, right: 300.65247, bottom: 137.92313 }
proto-pass directional_blur content=Rect { left: 4.515625, top: 25.516846, right: 298.6525, bottom: 116.923096 } output=Rect { left: -14.484375, top: 13.516846, right: 317.6525, bottom: 128.9231 }
proto-pass directional_blur content=Rect { left: 4.515625, top: 25.516846, right: 298.6525, bottom: 116.923096 } output=Rect { left: -14.484375, top: 13.516846, right: 317.6525, bottom: 128.9231 }
proto-pass directional_blur content=Rect { left: 4.515625, top: 25.516846, right: 298.6525, bottom: 116.923096 } output=Rect { left: -14.484375, top: 13.516846, right: 317.6525, bottom: 128.9231 }
proto-pass directional_blur content=Rect { left: 4.515625, top: 25.516846, right: 298.65253, bottom: 116.923096 } output=Rect { left: -39.484375, top: -18.483154, right: 342.65253, bottom: 160.9231 }
proto-pass directional_blur content=Rect { left: 4.515625, top: 25.516846, right: 298.65253, bottom: 116.923096 } output=Rect { left: -39.484375, top: -18.483154, right: 342.65253, bottom: 160.9231 }
proto-pass directional_blur content=Rect { left: 4.515625, top: 25.516846, right: 298.65253, bottom: 116.923096 } output=Rect { left: -39.484375, top: -18.483154, right: 342.65253, bottom: 160.9231 }
proto-pass directional_blur content=Rect { left: -7.484375, top: 13.516846, right: 310.65247, bottom: 128.9231 } output=Rect { left: -16.484375, top: -0.4831543, right: 319.65247, bottom: 142.9231 }
proto-pass directional_blur content=Rect { left: -7.484375, top: 13.516846, right: 310.65247, bottom: 128.9231 } output=Rect { left: -16.484375, top: -0.4831543, right: 319.65247, bottom: 142.9231 }
proto-pass directional_blur content=Rect { left: -7.484375, top: 13.516846, right: 310.65247, bottom: 128.9231 } output=Rect { left: -16.484375, top: -0.4831543, right: 319.65247, bottom: 142.9231 }
proto-pass directional_blur content=Rect { left: 4.515625, top: 25.516876, right: 298.6525, bottom: 116.92313 } output=Rect { left: -16.484375, top: 24.516876, right: 319.6525, bottom: 117.92313 }
proto-pass directional_blur content=Rect { left: 4.515625, top: 25.516876, right: 298.65253, bottom: 116.92313 } output=Rect { left: -16.484375, top: 24.516876, right: 319.65253, bottom: 117.92313 }
proto-pass directional_blur content=Rect { left: 4.515625, top: 25.516876, right: 298.6525, bottom: 116.92313 } output=Rect { left: -16.484375, top: 24.516876, right: 319.6525, bottom: 117.92313 }
proto-pass directional_blur content=Rect { left: -0.88061523, top: 15.413345, right: 303.92316, bottom: 125.97601 } output=Rect { left: -16.880615, top: -0.58665466, right: 319.92316, bottom: 141.97601 }
proto-pass directional_blur content=Rect { left: -2.6939087, top: 12.01857, right: 305.69867, bottom: 129.42168 } output=Rect { left: -18.693909, top: -3.98143, right: 321.69867, bottom: 145.42168 }
proto-pass directional_blur content=Rect { left: -4.5498657, top: 8.543732, right: 307.51874, bottom: 132.94827 } output=Rect { left: -20.549866, top: -7.4562683, right: 323.51874, bottom: 148.94827 }
proto-pass directional_blur content=Rect { left: 4.515747, top: 25.516876, right: 298.65265, bottom: 116.92313 } output=Rect { left: 2.515747, top: 4.516876, right: 300.65265, bottom: 137.92313 }
proto-pass directional_blur content=Rect { left: 4.515564, top: 25.516876, right: 298.65247, bottom: 116.92313 } output=Rect { left: 2.515564, top: 4.516876, right: 300.65247, bottom: 137.92313 }
proto-pass directional_blur content=Rect { left: 4.515747, top: 25.516876, right: 298.6526, bottom: 116.92313 } output=Rect { left: 2.515747, top: 4.516876, right: 300.6526, bottom: 137.92313 }
proto-pass directional_blur content=Rect { left: 4.515625, top: 25.516846, right: 298.6525, bottom: 116.923096 } output=Rect { left: -14.484375, top: 13.516846, right: 317.6525, bottom: 128.9231 }
proto-pass directional_blur content=Rect { left: 4.515625, top: 25.516846, right: 298.6525, bottom: 116.923096 } output=Rect { left: -14.484375, top: 13.516846, right: 317.6525, bottom: 128.9231 }
proto-pass directional_blur content=Rect { left: 4.515625, top: 25.516846, right: 298.6525, bottom: 116.923096 } output=Rect { left: -14.484375, top: 13.516846, right: 317.6525, bottom: 128.9231 }
proto-pass directional_blur content=Rect { left: 4.515625, top: 25.516846, right: 298.65247, bottom: 116.923096 } output=Rect { left: -39.484375, top: -18.483154, right: 342.65247, bottom: 160.9231 }
proto-pass directional_blur content=Rect { left: 4.515625, top: 25.516846, right: 298.65247, bottom: 116.923096 } output=Rect { left: -39.484375, top: -18.483154, right: 342.65247, bottom: 160.9231 }
proto-pass directional_blur content=Rect { left: 4.515625, top: 25.516846, right: 298.65247, bottom: 116.923096 } output=Rect { left: -39.484375, top: -18.483154, right: 342.65247, bottom: 160.9231 }
proto-pass directional_blur content=Rect { left: -7.484375, top: 13.516846, right: 310.65247, bottom: 128.9231 } output=Rect { left: -16.484375, top: -0.4831543, right: 319.65247, bottom: 142.9231 }
proto-pass directional_blur content=Rect { left: -7.484375, top: 13.516846, right: 310.65247, bottom: 128.9231 } output=Rect { left: -16.484375, top: -0.4831543, right: 319.65247, bottom: 142.9231 }
proto-pass directional_blur content=Rect { left: -7.484375, top: 13.516846, right: 310.65247, bottom: 128.9231 } output=Rect { left: -16.484375, top: -0.4831543, right: 319.65247, bottom: 142.9231 }
proto-pass directional_blur content=Rect { left: 4.515625, top: 25.516876, right: 298.6525, bottom: 116.92313 } output=Rect { left: -16.484375, top: 24.516876, right: 319.6525, bottom: 117.92313 }
proto-pass directional_blur content=Rect { left: 4.515625, top: 25.516876, right: 298.6525, bottom: 116.92313 } output=Rect { left: -16.484375, top: 24.516876, right: 319.6525, bottom: 117.92313 }
proto-pass directional_blur content=Rect { left: 4.515625, top: 25.516876, right: 298.65253, bottom: 116.92313 } output=Rect { left: -16.484375, top: 24.516876, right: 319.65253, bottom: 117.92313 }
proto-pass directional_blur content=Rect { left: -1.7852783, top: 13.719528, right: 304.80884, bottom: 127.69524 } output=Rect { left: -17.785278, top: -2.2804718, right: 320.80884, bottom: 143.69524 }
proto-pass directional_blur content=Rect { left: -3.6339111, top: 10.258667, right: 306.62018, bottom: 131.20776 } output=Rect { left: -19.633911, top: -5.741333, right: 322.62018, bottom: 147.20776 }
proto-pass directional_blur content=Rect { left: -5.4695435, top: 6.822113, right: 308.42114, bottom: 134.69537 } output=Rect { left: -21.469543, top: -9.177887, right: 324.42114, bottom: 150.69537 }
proto-pass directional_blur content=Rect { left: 4.515747, top: 25.516876, right: 298.65247, bottom: 116.92313 } output=Rect { left: 2.515747, top: 4.516876, right: 300.65247, bottom: 137.92313 }
proto-pass directional_blur content=Rect { left: 4.515564, top: 25.516876, right: 298.6524, bottom: 116.92313 } output=Rect { left: 2.515564, top: 4.516876, right: 300.6524, bottom: 137.92313 }
proto-pass directional_blur content=Rect { left: 4.515747, top: 25.516876, right: 298.65253, bottom: 116.92313 } output=Rect { left: 2.515747, top: 4.516876, right: 300.65253, bottom: 137.92313 }
proto-pass directional_blur content=Rect { left: 4.515625, top: 25.516846, right: 298.6525, bottom: 116.923096 } output=Rect { left: -14.484375, top: 13.516846, right: 317.6525, bottom: 128.9231 }
proto-pass directional_blur content=Rect { left: 4.515625, top: 25.516846, right: 298.6525, bottom: 116.923096 } output=Rect { left: -14.484375, top: 13.516846, right: 317.6525, bottom: 128.9231 }
proto-pass directional_blur content=Rect { left: 4.515625, top: 25.516846, right: 298.6525, bottom: 116.923096 } output=Rect { left: -14.484375, top: 13.516846, right: 317.6525, bottom: 128.9231 }
proto-pass directional_blur content=Rect { left: 4.515625, top: 25.516846, right: 298.65253, bottom: 116.923096 } output=Rect { left: -39.484375, top: -18.483154, right: 342.65253, bottom: 160.9231 }
proto-pass directional_blur content=Rect { left: 4.515625, top: 25.516846, right: 298.65253, bottom: 116.923096 } output=Rect { left: -39.484375, top: -18.483154, right: 342.65253, bottom: 160.9231 }
proto-pass directional_blur content=Rect { left: 4.515625, top: 25.516846, right: 298.65247, bottom: 116.923096 } output=Rect { left: -39.484375, top: -18.483154, right: 342.65247, bottom: 160.9231 }
proto-pass directional_blur content=Rect { left: -7.484375, top: 13.516846, right: 310.65247, bottom: 128.9231 } output=Rect { left: -16.484375, top: -0.4831543, right: 319.65247, bottom: 142.9231 }
proto-pass directional_blur content=Rect { left: -7.484375, top: 13.516846, right: 310.65247, bottom: 128.9231 } output=Rect { left: -16.484375, top: -0.4831543, right: 319.65247, bottom: 142.9231 }
proto-pass directional_blur content=Rect { left: -7.484375, top: 13.516846, right: 310.65247, bottom: 128.9231 } output=Rect { left: -16.484375, top: -0.4831543, right: 319.65247, bottom: 142.9231 }
proto-pass directional_blur content=Rect { left: 4.515625, top: 25.516876, right: 298.6525, bottom: 116.92313 } output=Rect { left: -16.484375, top: 24.516876, right: 319.6525, bottom: 117.92313 }
proto-pass directional_blur content=Rect { left: 4.515625, top: 25.516876, right: 298.65253, bottom: 116.92313 } output=Rect { left: -16.484375, top: 24.516876, right: 319.65253, bottom: 117.92313 }
render  9/90 frames  1.1 s
proto-pass directional_blur content=Rect { left: 4.515625, top: 25.516876, right: 298.65253, bottom: 116.92313 } output=Rect { left: -16.484375, top: 24.516876, right: 319.65253, bottom: 117.92313 }
proto-pass directional_blur content=Rect { left: -6.4206543, top: 5.041626, right: 309.3551, bottom: 136.50215 } output=Rect { left: -22.420654, top: -10.958374, right: 325.3551, bottom: 152.50215 }
proto-pass directional_blur content=Rect { left: -8.276794, top: 1.5666046, right: 311.17987, bottom: 140.02818 } output=Rect { left: -24.276794, top: -14.433395, right: 327.17987, bottom: 156.02818 }
proto-pass directional_blur content=Rect { left: -10.174011, top: -1.9851379, right: 313.0468, bottom: 143.63159 } output=Rect { left: -26.174011, top: -17.985138, right: 329.0468, bottom: 159.63159 }
proto-pass directional_blur content=Rect { left: 4.515625, top: 25.516876, right: 298.65253, bottom: 116.92313 } output=Rect { left: 2.515625, top: 4.516876, right: 300.65253, bottom: 137.92313 }
proto-pass directional_blur content=Rect { left: 4.515564, top: 25.516876, right: 298.65247, bottom: 116.92313 } output=Rect { left: 2.515564, top: 4.516876, right: 300.65247, bottom: 137.92313 }
proto-pass directional_blur content=Rect { left: 4.515625, top: 25.516876, right: 298.65247, bottom: 116.92313 } output=Rect { left: 2.515625, top: 4.516876, right: 300.65247, bottom: 137.92313 }
proto-pass directional_blur content=Rect { left: 4.515625, top: 25.516846, right: 298.6525, bottom: 116.923096 } output=Rect { left: -14.484375, top: 13.516846, right: 317.6525, bottom: 128.9231 }
proto-pass directional_blur content=Rect { left: 4.515625, top: 25.516846, right: 298.6525, bottom: 116.923096 } output=Rect { left: -14.484375, top: 13.516846, right: 317.6525, bottom: 128.9231 }
proto-pass directional_blur content=Rect { left: 4.515625, top: 25.516846, right: 298.6525, bottom: 116.923096 } output=Rect { left: -14.484375, top: 13.516846, right: 317.6525, bottom: 128.9231 }
proto-pass directional_blur content=Rect { left: 4.515625, top: 25.516846, right: 298.65247, bottom: 116.923096 } output=Rect { left: -39.484375, top: -18.483154, right: 342.65247, bottom: 160.9231 }
proto-pass directional_blur content=Rect { left: 4.515625, top: 25.516846, right: 298.65253, bottom: 116.923096 } output=Rect { left: -39.484375, top: -18.483154, right: 342.65253, bottom: 160.9231 }
proto-pass directional_blur content=Rect { left: 4.515625, top: 25.516846, right: 298.65247, bottom: 116.923096 } output=Rect { left: -39.484375, top: -18.483154, right: 342.65247, bottom: 160.9231 }
proto-pass directional_blur content=Rect { left: -7.484375, top: 13.516846, right: 310.65247, bottom: 128.9231 } output=Rect { left: -16.484375, top: -0.4831543, right: 319.65247, bottom: 142.9231 }
proto-pass directional_blur content=Rect { left: -7.484375, top: 13.516846, right: 310.65247, bottom: 128.9231 } output=Rect { left: -16.484375, top: -0.4831543, right: 319.65247, bottom: 142.9231 }
proto-pass directional_blur content=Rect { left: -7.484375, top: 13.516846, right: 310.65247, bottom: 128.9231 } output=Rect { left: -16.484375, top: -0.4831543, right: 319.65247, bottom: 142.9231 }
proto-pass directional_blur content=Rect { left: 4.515625, top: 25.516876, right: 298.65253, bottom: 116.92313 } output=Rect { left: -16.484375, top: 24.516876, right: 319.65253, bottom: 117.92313 }
proto-pass directional_blur content=Rect { left: 4.515625, top: 25.516876, right: 298.6525, bottom: 116.92313 } output=Rect { left: -16.484375, top: 24.516876, right: 319.6525, bottom: 117.92313 }
proto-pass directional_blur content=Rect { left: -7.347107, top: 3.3071136, right: 310.2657, bottom: 138.26216 } output=Rect { left: -23.347107, top: -12.692886, right: 326.2657, bottom: 154.26216 }
proto-pass directional_blur content=Rect { left: 4.515625, top: 25.516876, right: 298.6525, bottom: 116.92313 } output=Rect { left: -16.484375, top: 24.516876, right: 319.6525, bottom: 117.92313 }
proto-pass directional_blur content=Rect { left: -9.237915, top: -0.23284912, right: 312.12555, bottom: 141.85385 } output=Rect { left: -25.237915, top: -16.23285, right: 328.12555, bottom: 157.85385 }
proto-pass directional_blur content=Rect { left: -11.112793, top: -3.7428741, right: 313.97162, bottom: 145.41473 } output=Rect { left: -27.112793, top: -19.742874, right: 329.97162, bottom: 161.41473 }
proto-pass directional_blur content=Rect { left: 4.515564, top: 25.516876, right: 298.65247, bottom: 116.92313 } output=Rect { left: 2.515564, top: 4.516876, right: 300.65247, bottom: 137.92313 }
proto-pass directional_blur content=Rect { left: 4.515747, top: 25.516876, right: 298.6526, bottom: 116.92313 } output=Rect { left: 2.515747, top: 4.516876, right: 300.6526, bottom: 137.92313 }
proto-pass directional_blur content=Rect { left: 4.515625, top: 25.516846, right: 298.6525, bottom: 116.923096 } output=Rect { left: -14.484375, top: 13.516846, right: 317.6525, bottom: 128.9231 }
proto-pass directional_blur content=Rect { left: 4.515564, top: 25.516876, right: 298.6524, bottom: 116.92313 } output=Rect { left: 2.515564, top: 4.516876, right: 300.6524, bottom: 137.92313 }
proto-pass directional_blur content=Rect { left: 4.515625, top: 25.516846, right: 298.6525, bottom: 116.923096 } output=Rect { left: -14.484375, top: 13.516846, right: 317.6525, bottom: 128.9231 }
proto-pass directional_blur content=Rect { left: 4.515625, top: 25.516846, right: 298.65253, bottom: 116.923096 } output=Rect { left: -39.484375, top: -18.483154, right: 342.65253, bottom: 160.9231 }
proto-pass directional_blur content=Rect { left: 4.515625, top: 25.516846, right: 298.6525, bottom: 116.923096 } output=Rect { left: -14.484375, top: 13.516846, right: 317.6525, bottom: 128.9231 }
proto-pass directional_blur content=Rect { left: 4.515625, top: 25.516846, right: 298.65253, bottom: 116.923096 } output=Rect { left: -39.484375, top: -18.483154, right: 342.65253, bottom: 160.9231 }
proto-pass directional_blur content=Rect { left: 4.515625, top: 25.516846, right: 298.65247, bottom: 116.923096 } output=Rect { left: -39.484375, top: -18.483154, right: 342.65247, bottom: 160.9231 }
proto-pass directional_blur content=Rect { left: -7.484375, top: 13.516846, right: 310.65247, bottom: 128.9231 } output=Rect { left: -16.484375, top: -0.4831543, right: 319.65247, bottom: 142.9231 }
proto-pass directional_blur content=Rect { left: -7.484375, top: 13.516846, right: 310.65247, bottom: 128.9231 } output=Rect { left: -16.484375, top: -0.4831543, right: 319.65247, bottom: 142.9231 }
proto-pass directional_blur content=Rect { left: -7.484375, top: 13.516846, right: 310.65247, bottom: 128.9231 } output=Rect { left: -16.484375, top: -0.4831543, right: 319.65247, bottom: 142.9231 }
proto-pass directional_blur content=Rect { left: 4.515625, top: 25.516876, right: 298.65253, bottom: 116.92313 } output=Rect { left: -16.484375, top: 24.516876, right: 319.65253, bottom: 117.92313 }
proto-pass directional_blur content=Rect { left: 4.515625, top: 25.516876, right: 298.6525, bottom: 116.92313 } output=Rect { left: -16.484375, top: 24.516876, right: 319.6525, bottom: 117.92313 }
proto-pass directional_blur content=Rect { left: -12.083191, top: -5.5594482, right: 314.9278, bottom: 147.25748 } output=Rect { left: -28.08319, top: -21.559448, right: 330.9278, bottom: 163.25748 }
proto-pass directional_blur content=Rect { left: 4.515625, top: 25.516876, right: 298.65253, bottom: 116.92313 } output=Rect { left: -16.484375, top: 24.516876, right: 319.65253, bottom: 117.92313 }
render  18/90 frames  1.6 s
proto-pass directional_blur content=Rect { left: -13.9748535, top: -9.100952, right: 316.79395, bottom: 150.84946 } output=Rect { left: -29.974854, top: -25.100952, right: 332.79395, bottom: 166.84946 }
proto-pass directional_blur content=Rect { left: -15.905334, top: -12.715263, right: 318.70007, bottom: 154.51472 } output=Rect { left: -31.905334, top: -28.715263, right: 334.70007, bottom: 170.51472 }
proto-pass directional_blur content=Rect { left: 4.515564, top: 25.516876, right: 298.6524, bottom: 116.92313 } output=Rect { left: 2.515564, top: 4.516876, right: 300.6524, bottom: 137.92313 }
proto-pass directional_blur content=Rect { left: 4.515747, top: 25.516876, right: 298.65253, bottom: 116.92313 } output=Rect { left: 2.515747, top: 4.516876, right: 300.65253, bottom: 137.92313 }
proto-pass directional_blur content=Rect { left: 4.515625, top: 25.516846, right: 298.6525, bottom: 116.923096 } output=Rect { left: -14.484375, top: 13.516846, right: 317.6525, bottom: 128.9231 }
proto-pass directional_blur content=Rect { left: 4.515564, top: 25.516876, right: 298.65247, bottom: 116.92313 } output=Rect { left: 2.515564, top: 4.516876, right: 300.65247, bottom: 137.92313 }
proto-pass directional_blur content=Rect { left: 4.515625, top: 25.516846, right: 298.6525, bottom: 116.923096 } output=Rect { left: -14.484375, top: 13.516846, right: 317.6525, bottom: 128.9231 }
proto-pass directional_blur content=Rect { left: 4.515625, top: 25.516846, right: 298.65247, bottom: 116.923096 } output=Rect { left: -39.484375, top: -18.483154, right: 342.65247, bottom: 160.9231 }
proto-pass directional_blur content=Rect { left: 4.515625, top: 25.516846, right: 298.6525, bottom: 116.923096 } output=Rect { left: -14.484375, top: 13.516846, right: 317.6525, bottom: 128.9231 }
proto-pass directional_blur content=Rect { left: 4.515625, top: 25.516846, right: 298.65253, bottom: 116.923096 } output=Rect { left: -39.484375, top: -18.483154, right: 342.65253, bottom: 160.9231 }
proto-pass directional_blur content=Rect { left: 4.515625, top: 25.516846, right: 298.65253, bottom: 116.923096 } output=Rect { left: -39.484375, top: -18.483154, right: 342.65253, bottom: 160.9231 }
proto-pass directional_blur content=Rect { left: -7.484375, top: 13.516846, right: 310.65247, bottom: 128.9231 } output=Rect { left: -16.484375, top: -0.4831543, right: 319.65247, bottom: 142.9231 }
proto-pass directional_blur content=Rect { left: -7.484375, top: 13.516846, right: 310.65247, bottom: 128.9231 } output=Rect { left: -16.484375, top: -0.4831543, right: 319.65247, bottom: 142.9231 }
proto-pass directional_blur content=Rect { left: -7.484375, top: 13.516846, right: 310.65247, bottom: 128.9231 } output=Rect { left: -16.484375, top: -0.4831543, right: 319.65247, bottom: 142.9231 }
proto-pass directional_blur content=Rect { left: 4.515625, top: 25.516876, right: 298.65253, bottom: 116.92313 } output=Rect { left: -16.484375, top: 24.516876, right: 319.65253, bottom: 117.92313 }
proto-pass directional_blur content=Rect { left: 4.515625, top: 25.516876, right: 298.65253, bottom: 116.92313 } output=Rect { left: -16.484375, top: 24.516876, right: 319.65253, bottom: 117.92313 }
proto-pass directional_blur content=Rect { left: -13.027771, top: -7.3277283, right: 315.85944, bottom: 149.05103 } output=Rect { left: -29.027771, top: -23.327728, right: 331.85944, bottom: 165.05103 }
proto-pass directional_blur content=Rect { left: 4.515625, top: 25.516876, right: 298.6525, bottom: 116.92313 } output=Rect { left: -16.484375, top: 24.516876, right: 319.6525, bottom: 117.92313 }
proto-pass directional_blur content=Rect { left: -14.953308, top: -10.932739, right: 317.7597, bottom: 152.70718 } output=Rect { left: -30.953308, top: -26.93274, right: 333.7597, bottom: 168.70718 }
proto-pass directional_blur content=Rect { left: -16.859558, top: -14.501961, right: 319.64343, bottom: 156.32639 } output=Rect { left: -32.85956, top: -30.50196, right: 335.64343, bottom: 172.32639 }
proto-pass directional_blur content=Rect { left: 4.515564, top: 25.516876, right: 298.65247, bottom: 116.92313 } output=Rect { left: 2.515564, top: 4.516876, right: 300.65247, bottom: 137.92313 }
proto-pass directional_blur content=Rect { left: 4.515625, top: 25.516876, right: 298.65247, bottom: 116.92313 } output=Rect { left: 2.515625, top: 4.516876, right: 300.65247, bottom: 137.92313 }
proto-pass directional_blur content=Rect { left: 4.515625, top: 25.516846, right: 298.6525, bottom: 116.923096 } output=Rect { left: -14.484375, top: 13.516846, right: 317.6525, bottom: 128.9231 }
proto-pass directional_blur content=Rect { left: 4.515564, top: 25.516876, right: 298.6524, bottom: 116.92313 } output=Rect { left: 2.515564, top: 4.516876, right: 300.6524, bottom: 137.92313 }
proto-pass directional_blur content=Rect { left: 4.515625, top: 25.516846, right: 298.6525, bottom: 116.923096 } output=Rect { left: -14.484375, top: 13.516846, right: 317.6525, bottom: 128.9231 }
proto-pass directional_blur content=Rect { left: 4.515625, top: 25.516846, right: 298.65247, bottom: 116.923096 } output=Rect { left: -39.484375, top: -18.483154, right: 342.65247, bottom: 160.9231 }
proto-pass directional_blur content=Rect { left: 4.515625, top: 25.516846, right: 298.6525, bottom: 116.923096 } output=Rect { left: -14.484375, top: 13.516846, right: 317.6525, bottom: 128.9231 }
proto-pass directional_blur content=Rect { left: 4.515625, top: 25.516846, right: 298.65253, bottom: 116.923096 } output=Rect { left: -39.484375, top: -18.483154, right: 342.65253, bottom: 160.9231 }
proto-pass directional_blur content=Rect { left: 4.515625, top: 25.516846, right: 298.65247, bottom: 116.923096 } output=Rect { left: -39.484375, top: -18.483154, right: 342.65247, bottom: 160.9231 }
proto-pass directional_blur content=Rect { left: -7.484375, top: 13.516846, right: 310.65247, bottom: 128.9231 } output=Rect { left: -16.484375, top: -0.4831543, right: 319.65247, bottom: 142.9231 }
proto-pass directional_blur content=Rect { left: -7.484375, top: 13.516846, right: 310.65247, bottom: 128.9231 } output=Rect { left: -16.484375, top: -0.4831543, right: 319.65247, bottom: 142.9231 }
proto-pass directional_blur content=Rect { left: -7.484375, top: 13.516846, right: 310.65247, bottom: 128.9231 } output=Rect { left: -16.484375, top: -0.4831543, right: 319.65247, bottom: 142.9231 }
proto-pass directional_blur content=Rect { left: 4.515625, top: 25.516876, right: 298.65253, bottom: 116.92313 } output=Rect { left: -16.484375, top: 24.516876, right: 319.65253, bottom: 117.92313 }
proto-pass directional_blur content=Rect { left: 4.515625, top: 25.516876, right: 298.6525, bottom: 116.92313 } output=Rect { left: -16.484375, top: 24.516876, right: 319.6525, bottom: 117.92313 }
proto-pass directional_blur content=Rect { left: -17.845154, top: -16.347092, right: 320.6178, bottom: 158.19716 } output=Rect { left: -33.845154, top: -32.34709, right: 336.6178, bottom: 174.19716 }
proto-pass directional_blur content=Rect { left: -19.763977, top: -19.940094, right: 322.51697, bottom: 161.83957 } output=Rect { left: -35.763977, top: -35.940094, right: 338.51697, bottom: 177.83957 }
proto-pass directional_blur content=Rect { left: 4.515625, top: 25.516876, right: 298.6525, bottom: 116.92313 } output=Rect { left: -16.484375, top: 24.516876, right: 319.6525, bottom: 117.92313 }
proto-pass directional_blur content=Rect { left: -21.719482, top: -23.601448, right: 324.45398, bottom: 165.5505 } output=Rect { left: -37.719482, top: -39.601448, right: 340.45398, bottom: 181.5505 }
proto-pass directional_blur content=Rect { left: 4.515747, top: 25.516876, right: 298.6526, bottom: 116.92313 } output=Rect { left: 2.515747, top: 4.516876, right: 300.6526, bottom: 137.92313 }
proto-pass directional_blur content=Rect { left: 4.515564, top: 25.516876, right: 298.6524, bottom: 116.92313 } output=Rect { left: 2.515564, top: 4.516876, right: 300.6524, bottom: 137.92313 }
proto-pass directional_blur content=Rect { left: 4.515625, top: 25.516846, right: 298.6525, bottom: 116.923096 } output=Rect { left: -14.484375, top: 13.516846, right: 317.6525, bottom: 128.9231 }
proto-pass directional_blur content=Rect { left: 4.515625, top: 25.516846, right: 298.6525, bottom: 116.923096 } output=Rect { left: -14.484375, top: 13.516846, right: 317.6525, bottom: 128.9231 }
proto-pass directional_blur content=Rect { left: 4.515747, top: 25.516876, right: 298.65265, bottom: 116.92313 } output=Rect { left: 2.515747, top: 4.516876, right: 300.65265, bottom: 137.92313 }
proto-pass directional_blur content=Rect { left: 4.515625, top: 25.516846, right: 298.65253, bottom: 116.923096 } output=Rect { left: -39.484375, top: -18.483154, right: 342.65253, bottom: 160.9231 }
proto-pass directional_blur content=Rect { left: 4.515625, top: 25.516846, right: 298.6525, bottom: 116.923096 } output=Rect { left: -14.484375, top: 13.516846, right: 317.6525, bottom: 128.9231 }
proto-pass directional_blur content=Rect { left: 4.515625, top: 25.516846, right: 298.65253, bottom: 116.923096 } output=Rect { left: -39.484375, top: -18.483154, right: 342.65253, bottom: 160.9231 }
proto-pass directional_blur content=Rect { left: 4.515625, top: 25.516846, right: 298.65253, bottom: 116.923096 } output=Rect { left: -39.484375, top: -18.483154, right: 342.65253, bottom: 160.9231 }
proto-pass directional_blur content=Rect { left: -7.484375, top: 13.516846, right: 310.65247, bottom: 128.9231 } output=Rect { left: -16.484375, top: -0.4831543, right: 319.65247, bottom: 142.9231 }
proto-pass directional_blur content=Rect { left: -7.484375, top: 13.516846, right: 310.65247, bottom: 128.9231 } output=Rect { left: -16.484375, top: -0.4831543, right: 319.65247, bottom: 142.9231 }
proto-pass directional_blur content=Rect { left: -7.484375, top: 13.516846, right: 310.65247, bottom: 128.9231 } output=Rect { left: -16.484375, top: -0.4831543, right: 319.65247, bottom: 142.9231 }
proto-pass directional_blur content=Rect { left: 4.515625, top: 25.516876, right: 298.6525, bottom: 116.92313 } output=Rect { left: -16.484375, top: 24.516876, right: 319.6525, bottom: 117.92313 }
proto-pass directional_blur content=Rect { left: 4.515625, top: 25.516876, right: 298.65253, bottom: 116.92313 } output=Rect { left: -16.484375, top: 24.516876, right: 319.65253, bottom: 117.92313 }
proto-pass directional_blur content=Rect { left: -18.803772, top: -18.14177, right: 321.5661, bottom: 160.01662 } output=Rect { left: -34.803772, top: -34.14177, right: 337.5661, bottom: 176.01662 }
proto-pass directional_blur content=Rect { left: -20.755554, top: -21.796501, right: 323.49872, bottom: 163.72116 } output=Rect { left: -36.755554, top: -37.7965, right: 339.49872, bottom: 179.72116 }
proto-pass directional_blur content=Rect { left: 4.515625, top: 25.516876, right: 298.65247, bottom: 116.92313 } output=Rect { left: -16.484375, top: 24.516876, right: 319.65247, bottom: 117.92313 }
proto-pass directional_blur content=Rect { left: -22.684937, top: -25.40934, right: 325.4112, bottom: 167.38263 } output=Rect { left: -38.684937, top: -41.40934, right: 341.4112, bottom: 183.38263 }
proto-pass directional_blur content=Rect { left: 4.515747, top: 25.516876, right: 298.65253, bottom: 116.92313 } output=Rect { left: 2.515747, top: 4.516876, right: 300.65253, bottom: 137.92313 }
proto-pass directional_blur content=Rect { left: 4.515625, top: 25.516846, right: 298.6525, bottom: 116.923096 } output=Rect { left: -14.484375, top: 13.516846, right: 317.6525, bottom: 128.9231 }
proto-pass directional_blur content=Rect { left: 4.515564, top: 25.516876, right: 298.65247, bottom: 116.92313 } output=Rect { left: 2.515564, top: 4.516876, right: 300.65247, bottom: 137.92313 }
proto-pass directional_blur content=Rect { left: 4.515747, top: 25.516876, right: 298.65247, bottom: 116.92313 } output=Rect { left: 2.515747, top: 4.516876, right: 300.65247, bottom: 137.92313 }
proto-pass directional_blur content=Rect { left: 4.515625, top: 25.516846, right: 298.6525, bottom: 116.923096 } output=Rect { left: -14.484375, top: 13.516846, right: 317.6525, bottom: 128.9231 }
proto-pass directional_blur content=Rect { left: 4.515625, top: 25.516846, right: 298.65247, bottom: 116.923096 } output=Rect { left: -39.484375, top: -18.483154, right: 342.65247, bottom: 160.9231 }
proto-pass directional_blur content=Rect { left: 4.515625, top: 25.516846, right: 298.6525, bottom: 116.923096 } output=Rect { left: -14.484375, top: 13.516846, right: 317.6525, bottom: 128.9231 }
proto-pass directional_blur content=Rect { left: 4.515625, top: 25.516846, right: 298.65247, bottom: 116.923096 } output=Rect { left: -39.484375, top: -18.483154, right: 342.65247, bottom: 160.9231 }
proto-pass directional_blur content=Rect { left: 4.515625, top: 25.516846, right: 298.65247, bottom: 116.923096 } output=Rect { left: -39.484375, top: -18.483154, right: 342.65247, bottom: 160.9231 }
proto-pass directional_blur content=Rect { left: -7.484375, top: 13.516846, right: 310.65247, bottom: 128.9231 } output=Rect { left: -16.484375, top: -0.4831543, right: 319.65247, bottom: 142.9231 }
proto-pass directional_blur content=Rect { left: -7.484375, top: 13.516846, right: 310.65247, bottom: 128.9231 } output=Rect { left: -16.484375, top: -0.4831543, right: 319.65247, bottom: 142.9231 }
proto-pass directional_blur content=Rect { left: -7.484375, top: 13.516846, right: 310.65247, bottom: 128.9231 } output=Rect { left: -16.484375, top: -0.4831543, right: 319.65247, bottom: 142.9231 }
proto-pass directional_blur content=Rect { left: 4.515625, top: 25.516876, right: 298.6525, bottom: 116.92313 } output=Rect { left: -16.484375, top: 24.516876, right: 319.6525, bottom: 117.92313 }
render  27/90 frames  2.7 s
proto-pass directional_blur content=Rect { left: -23.681274, top: -27.274925, right: 326.39948, bottom: 169.27298 } output=Rect { left: -39.681274, top: -43.274925, right: 342.39948, bottom: 185.27298 }
proto-pass directional_blur content=Rect { left: 4.515625, top: 25.516876, right: 298.65247, bottom: 116.92313 } output=Rect { left: -16.484375, top: 24.516876, right: 319.65247, bottom: 117.92313 }
proto-pass directional_blur content=Rect { left: -25.618774, top: -30.903458, right: 328.32294, bottom: 172.9492 } output=Rect { left: -41.618774, top: -46.903458, right: 344.32294, bottom: 188.9492 }
proto-pass directional_blur content=Rect { left: 4.515625, top: 25.516876, right: 298.65247, bottom: 116.92313 } output=Rect { left: -16.484375, top: 24.516876, right: 319.65247, bottom: 117.92313 }
proto-pass directional_blur content=Rect { left: -27.590149, top: -34.59523, right: 330.2815, bottom: 176.68857 } output=Rect { left: -43.59015, top: -50.59523, right: 346.2815, bottom: 192.68857 }
proto-pass directional_blur content=Rect { left: 4.515625, top: 25.516876, right: 298.65247, bottom: 116.92313 } output=Rect { left: 2.515625, top: 4.516876, right: 300.65247, bottom: 137.92313 }
proto-pass directional_blur content=Rect { left: 4.515625, top: 25.516846, right: 298.6525, bottom: 116.923096 } output=Rect { left: -14.484375, top: 13.516846, right: 317.6525, bottom: 128.9231 }
proto-pass directional_blur content=Rect { left: 4.515747, top: 25.516876, right: 298.6526, bottom: 116.92313 } output=Rect { left: 2.515747, top: 4.516876, right: 300.6526, bottom: 137.92313 }
proto-pass directional_blur content=Rect { left: 4.515625, top: 25.516846, right: 298.6525, bottom: 116.923096 } output=Rect { left: -14.484375, top: 13.516846, right: 317.6525, bottom: 128.9231 }
proto-pass directional_blur content=Rect { left: 4.515625, top: 25.516846, right: 298.65253, bottom: 116.923096 } output=Rect { left: -39.484375, top: -18.483154, right: 342.65253, bottom: 160.9231 }
proto-pass directional_blur content=Rect { left: 4.515625, top: 25.516876, right: 298.65253, bottom: 116.92313 } output=Rect { left: 2.515625, top: 4.516876, right: 300.65253, bottom: 137.92313 }
proto-pass directional_blur content=Rect { left: 4.515625, top: 25.516846, right: 298.6525, bottom: 116.923096 } output=Rect { left: -14.484375, top: 13.516846, right: 317.6525, bottom: 128.9231 }
proto-pass directional_blur content=Rect { left: 4.515625, top: 25.516846, right: 298.65253, bottom: 116.923096 } output=Rect { left: -39.484375, top: -18.483154, right: 342.65253, bottom: 160.9231 }
proto-pass directional_blur content=Rect { left: 4.515625, top: 25.516846, right: 298.65253, bottom: 116.923096 } output=Rect { left: -39.484375, top: -18.483154, right: 342.65253, bottom: 160.9231 }
proto-pass directional_blur content=Rect { left: -7.484375, top: 13.516846, right: 310.65247, bottom: 128.9231 } output=Rect { left: -16.484375, top: -0.4831543, right: 319.65247, bottom: 142.9231 }
proto-pass directional_blur content=Rect { left: -7.484375, top: 13.516846, right: 310.65247, bottom: 128.9231 } output=Rect { left: -16.484375, top: -0.4831543, right: 319.65247, bottom: 142.9231 }
proto-pass directional_blur content=Rect { left: -7.484375, top: 13.516846, right: 310.65247, bottom: 128.9231 } output=Rect { left: -16.484375, top: -0.4831543, right: 319.65247, bottom: 142.9231 }
proto-pass directional_blur content=Rect { left: 4.515625, top: 25.516876, right: 298.6525, bottom: 116.92313 } output=Rect { left: -16.484375, top: 24.516876, right: 319.6525, bottom: 117.92313 }
proto-pass directional_blur content=Rect { left: -24.649414, top: -29.088005, right: 327.3604, bottom: 171.11005 } output=Rect { left: -40.649414, top: -45.088005, right: 343.3604, bottom: 187.11005 }
proto-pass directional_blur content=Rect { left: 4.515625, top: 25.516876, right: 298.6525, bottom: 116.92313 } output=Rect { left: -16.484375, top: 24.516876, right: 319.6525, bottom: 117.92313 }
proto-pass directional_blur content=Rect { left: -26.618774, top: -32.775963, right: 329.31616, bottom: 174.84601 } output=Rect { left: -42.618774, top: -48.775963, right: 345.31616, bottom: 190.84601 }
proto-pass directional_blur content=Rect { left: 4.515625, top: 25.516876, right: 298.65247, bottom: 116.92313 } output=Rect { left: -16.484375, top: 24.516876, right: 319.65247, bottom: 117.92313 }
proto-pass directional_blur content=Rect { left: -28.562317, top: -36.415985, right: 331.24817, bottom: 178.53255 } output=Rect { left: -44.562317, top: -52.415985, right: 347.24817, bottom: 194.53255 }
proto-pass directional_blur content=Rect { left: 4.515564, top: 25.516876, right: 298.6524, bottom: 116.92313 } output=Rect { left: 2.515564, top: 4.516876, right: 300.6524, bottom: 137.92313 }
proto-pass directional_blur content=Rect { left: 4.515625, top: 25.516846, right: 298.6525, bottom: 116.923096 } output=Rect { left: -14.484375, top: 13.516846, right: 317.6525, bottom: 128.9231 }
proto-pass directional_blur content=Rect { left: 4.515747, top: 25.516876, right: 298.65265, bottom: 116.92313 } output=Rect { left: 2.515747, top: 4.516876, right: 300.65265, bottom: 137.92313 }
proto-pass directional_blur content=Rect { left: 4.515625, top: 25.516846, right: 298.6525, bottom: 116.923096 } output=Rect { left: -14.484375, top: 13.516846, right: 317.6525, bottom: 128.9231 }
proto-pass directional_blur content=Rect { left: 4.515625, top: 25.516846, right: 298.65247, bottom: 116.923096 } output=Rect { left: -39.484375, top: -18.483154, right: 342.65247, bottom: 160.9231 }
proto-pass directional_blur content=Rect { left: 4.515564, top: 25.516876, right: 298.65247, bottom: 116.92313 } output=Rect { left: 2.515564, top: 4.516876, right: 300.65247, bottom: 137.92313 }
proto-pass directional_blur content=Rect { left: 4.515625, top: 25.516846, right: 298.65247, bottom: 116.923096 } output=Rect { left: -39.484375, top: -18.483154, right: 342.65247, bottom: 160.9231 }
proto-pass directional_blur content=Rect { left: 4.515625, top: 25.516846, right: 298.6525, bottom: 116.923096 } output=Rect { left: -14.484375, top: 13.516846, right: 317.6525, bottom: 128.9231 }
proto-pass directional_blur content=Rect { left: 4.515625, top: 25.516846, right: 298.65247, bottom: 116.923096 } output=Rect { left: -39.484375, top: -18.483154, right: 342.65247, bottom: 160.9231 }
proto-pass directional_blur content=Rect { left: -7.484375, top: 13.516846, right: 310.65247, bottom: 128.9231 } output=Rect { left: -16.484375, top: -0.4831543, right: 319.65247, bottom: 142.9231 }
proto-pass directional_blur content=Rect { left: -7.484375, top: 13.516846, right: 310.65247, bottom: 128.9231 } output=Rect { left: -16.484375, top: -0.4831543, right: 319.65247, bottom: 142.9231 }
proto-pass directional_blur content=Rect { left: -7.484375, top: 13.516846, right: 310.65247, bottom: 128.9231 } output=Rect { left: -16.484375, top: -0.4831543, right: 319.65247, bottom: 142.9231 }
proto-pass directional_blur content=Rect { left: 4.515625, top: 25.516876, right: 298.6525, bottom: 116.92313 } output=Rect { left: -16.484375, top: 24.516876, right: 319.6525, bottom: 117.92313 }
proto-pass directional_blur content=Rect { left: -29.564636, top: -38.293266, right: 332.24518, bottom: 180.43353 } output=Rect { left: -45.564636, top: -54.293266, right: 348.24518, bottom: 196.43353 }
proto-pass directional_blur content=Rect { left: 4.515625, top: 25.516876, right: 298.65247, bottom: 116.92313 } output=Rect { left: -16.484375, top: 24.516876, right: 319.65247, bottom: 117.92313 }
proto-pass directional_blur content=Rect { left: -31.511902, top: -41.940365, right: 334.18365, bottom: 184.12592 } output=Rect { left: -47.5119, top: -57.940365, right: 350.18365, bottom: 200.12592 }
proto-pass directional_blur content=Rect { left: 4.515625, top: 25.516876, right: 298.65247, bottom: 116.92313 } output=Rect { left: -16.484375, top: 24.516876, right: 319.65247, bottom: 117.92313 }
render  36/90 frames  3.3 s
proto-pass directional_blur content=Rect { left: -33.489502, top: -45.644924, right: 336.15393, bottom: 187.87558 } output=Rect { left: -49.489502, top: -61.644924, right: 352.15393, bottom: 203.87558 }
proto-pass directional_blur content=Rect { left: 4.515564, top: 25.516876, right: 298.65247, bottom: 116.92313 } output=Rect { left: 2.515564, top: 4.516876, right: 300.65247, bottom: 137.92313 }
proto-pass directional_blur content=Rect { left: 4.515625, top: 25.516846, right: 298.6525, bottom: 116.923096 } output=Rect { left: -14.484375, top: 13.516846, right: 317.6525, bottom: 128.9231 }
proto-pass directional_blur content=Rect { left: 4.515747, top: 25.516876, right: 298.65253, bottom: 116.92313 } output=Rect { left: 2.515747, top: 4.516876, right: 300.65253, bottom: 137.92313 }
proto-pass directional_blur content=Rect { left: 4.515625, top: 25.516846, right: 298.65253, bottom: 116.923096 } output=Rect { left: -39.484375, top: -18.483154, right: 342.65253, bottom: 160.9231 }
proto-pass directional_blur content=Rect { left: 4.515625, top: 25.516846, right: 298.6525, bottom: 116.923096 } output=Rect { left: -14.484375, top: 13.516846, right: 317.6525, bottom: 128.9231 }
proto-pass directional_blur content=Rect { left: 4.515564, top: 25.516876, right: 298.65247, bottom: 116.92313 } output=Rect { left: 2.515564, top: 4.516876, right: 300.65247, bottom: 137.92313 }
proto-pass directional_blur content=Rect { left: 4.515625, top: 25.516846, right: 298.65253, bottom: 116.923096 } output=Rect { left: -39.484375, top: -18.483154, right: 342.65253, bottom: 160.9231 }
proto-pass directional_blur content=Rect { left: 4.515625, top: 25.516846, right: 298.6525, bottom: 116.923096 } output=Rect { left: -14.484375, top: 13.516846, right: 317.6525, bottom: 128.9231 }
proto-pass directional_blur content=Rect { left: 4.515625, top: 25.516846, right: 298.65253, bottom: 116.923096 } output=Rect { left: -39.484375, top: -18.483154, right: 342.65253, bottom: 160.9231 }
proto-pass directional_blur content=Rect { left: -7.484375, top: 13.516846, right: 310.65247, bottom: 128.9231 } output=Rect { left: -16.484375, top: -0.4831543, right: 319.65247, bottom: 142.9231 }
proto-pass directional_blur content=Rect { left: -7.484375, top: 13.516846, right: 310.65247, bottom: 128.9231 } output=Rect { left: -16.484375, top: -0.4831543, right: 319.65247, bottom: 142.9231 }
proto-pass directional_blur content=Rect { left: -7.484375, top: 13.516846, right: 310.65247, bottom: 128.9231 } output=Rect { left: -16.484375, top: -0.4831543, right: 319.65247, bottom: 142.9231 }
proto-pass directional_blur content=Rect { left: 4.515625, top: 25.516876, right: 298.65247, bottom: 116.92313 } output=Rect { left: -16.484375, top: 24.516876, right: 319.65247, bottom: 117.92313 }
proto-pass directional_blur content=Rect { left: -30.538086, top: -40.116455, right: 333.214, bottom: 182.27942 } output=Rect { left: -46.538086, top: -56.116455, right: 349.214, bottom: 198.27942 }
proto-pass directional_blur content=Rect { left: 4.515625, top: 25.516876, right: 298.6525, bottom: 116.92313 } output=Rect { left: -16.484375, top: 24.516876, right: 319.6525, bottom: 117.92313 }
proto-pass directional_blur content=Rect { left: -32.51538, top: -43.82012, right: 335.18335, bottom: 186.02869 } output=Rect { left: -48.51538, top: -59.82012, right: 351.18335, bottom: 202.02869 }
proto-pass directional_blur content=Rect { left: 4.515625, top: 25.516876, right: 298.6525, bottom: 116.92313 } output=Rect { left: -16.484375, top: 24.516876, right: 319.6525, bottom: 117.92313 }
proto-pass directional_blur content=Rect { left: -34.463684, top: -47.469772, right: 337.12506, bottom: 189.72224 } output=Rect { left: -50.463684, top: -63.469772, right: 353.12506, bottom: 205.72224 }
proto-pass directional_blur content=Rect { left: 4.515747, top: 25.516876, right: 298.6526, bottom: 116.92313 } output=Rect { left: 2.515747, top: 4.516876, right: 300.6526, bottom: 137.92313 }
proto-pass directional_blur content=Rect { left: 4.515625, top: 25.516846, right: 298.6525, bottom: 116.923096 } output=Rect { left: -14.484375, top: 13.516846, right: 317.6525, bottom: 128.9231 }
proto-pass directional_blur content=Rect { left: 4.515625, top: 25.516876, right: 298.65253, bottom: 116.92313 } output=Rect { left: 2.515625, top: 4.516876, right: 300.65253, bottom: 137.92313 }
proto-pass directional_blur content=Rect { left: 4.515625, top: 25.516846, right: 298.65247, bottom: 116.923096 } output=Rect { left: -39.484375, top: -18.483154, right: 342.65247, bottom: 160.9231 }
proto-pass directional_blur content=Rect { left: 4.515625, top: 25.516846, right: 298.6525, bottom: 116.923096 } output=Rect { left: -14.484375, top: 13.516846, right: 317.6525, bottom: 128.9231 }
proto-pass directional_blur content=Rect { left: 4.515564, top: 25.516876, right: 298.65247, bottom: 116.92313 } output=Rect { left: 2.515564, top: 4.516876, right: 300.65247, bottom: 137.92313 }
proto-pass directional_blur content=Rect { left: 4.515625, top: 25.516846, right: 298.65247, bottom: 116.923096 } output=Rect { left: -39.484375, top: -18.483154, right: 342.65247, bottom: 160.9231 }
proto-pass directional_blur content=Rect { left: 4.515625, top: 25.516846, right: 298.6525, bottom: 116.923096 } output=Rect { left: -14.484375, top: 13.516846, right: 317.6525, bottom: 128.9231 }
proto-pass directional_blur content=Rect { left: 4.515625, top: 25.516846, right: 298.65247, bottom: 116.923096 } output=Rect { left: -39.484375, top: -18.483154, right: 342.65247, bottom: 160.9231 }
proto-pass directional_blur content=Rect { left: -7.484375, top: 13.516846, right: 310.65247, bottom: 128.9231 } output=Rect { left: -16.484375, top: -0.4831543, right: 319.65247, bottom: 142.9231 }
proto-pass directional_blur content=Rect { left: -7.484375, top: 13.516846, right: 310.65247, bottom: 128.9231 } output=Rect { left: -16.484375, top: -0.4831543, right: 319.65247, bottom: 142.9231 }
proto-pass directional_blur content=Rect { left: -7.484375, top: 13.516846, right: 310.65247, bottom: 128.9231 } output=Rect { left: -16.484375, top: -0.4831543, right: 319.65247, bottom: 142.9231 }
proto-pass directional_blur content=Rect { left: 4.515625, top: 25.516876, right: 298.65247, bottom: 116.92313 } output=Rect { left: -16.484375, top: 24.516876, right: 319.65247, bottom: 117.92313 }
proto-pass directional_blur content=Rect { left: -35.46704, top: -49.349697, right: 338.12628, bottom: 191.6245 } output=Rect { left: -51.46704, top: -65.3497, right: 354.12628, bottom: 207.6245 }
proto-pass directional_blur content=Rect { left: 4.515625, top: 25.516876, right: 298.6525, bottom: 116.92313 } output=Rect { left: -16.484375, top: 24.516876, right: 319.6525, bottom: 117.92313 }
proto-pass directional_blur content=Rect { left: -37.414124, top: -52.99732, right: 340.06934, bottom: 195.31459 } output=Rect { left: -53.414124, top: -68.997314, right: 356.06934, bottom: 211.31459 }
proto-pass directional_blur content=Rect { left: 4.515625, top: 25.516876, right: 298.6525, bottom: 116.92313 } output=Rect { left: -16.484375, top: 24.516876, right: 319.6525, bottom: 117.92313 }
proto-pass directional_blur content=Rect { left: -39.388184, top: -56.696274, right: 342.04138, bottom: 199.0555 } output=Rect { left: -55.388184, top: -72.69627, right: 358.04138, bottom: 215.0555 }
proto-pass directional_blur content=Rect { left: 4.515747, top: 25.516876, right: 298.65253, bottom: 116.92313 } output=Rect { left: 2.515747, top: 4.516876, right: 300.65253, bottom: 137.92313 }
proto-pass directional_blur content=Rect { left: 4.515625, top: 25.516846, right: 298.6525, bottom: 116.923096 } output=Rect { left: -14.484375, top: 13.516846, right: 317.6525, bottom: 128.9231 }
proto-pass directional_blur content=Rect { left: 4.515564, top: 25.516876, right: 298.6524, bottom: 116.92313 } output=Rect { left: 2.515564, top: 4.516876, right: 300.6524, bottom: 137.92313 }
proto-pass directional_blur content=Rect { left: 4.515625, top: 25.516846, right: 298.65253, bottom: 116.923096 } output=Rect { left: -39.484375, top: -18.483154, right: 342.65253, bottom: 160.9231 }
proto-pass directional_blur content=Rect { left: 4.515625, top: 25.516846, right: 298.6525, bottom: 116.923096 } output=Rect { left: -14.484375, top: 13.516846, right: 317.6525, bottom: 128.9231 }
proto-pass directional_blur content=Rect { left: 4.515564, top: 25.516876, right: 298.65247, bottom: 116.92313 } output=Rect { left: 2.515564, top: 4.516876, right: 300.65247, bottom: 137.92313 }
proto-pass directional_blur content=Rect { left: 4.515625, top: 25.516846, right: 298.65253, bottom: 116.923096 } output=Rect { left: -39.484375, top: -18.483154, right: 342.65253, bottom: 160.9231 }
proto-pass directional_blur content=Rect { left: 4.515625, top: 25.516846, right: 298.6525, bottom: 116.923096 } output=Rect { left: -14.484375, top: 13.516846, right: 317.6525, bottom: 128.9231 }
proto-pass directional_blur content=Rect { left: 4.515625, top: 25.516846, right: 298.65253, bottom: 116.923096 } output=Rect { left: -39.484375, top: -18.483154, right: 342.65253, bottom: 160.9231 }
proto-pass directional_blur content=Rect { left: -7.484375, top: 13.516846, right: 310.65247, bottom: 128.9231 } output=Rect { left: -16.484375, top: -0.4831543, right: 319.65247, bottom: 142.9231 }
proto-pass directional_blur content=Rect { left: -7.484375, top: 13.516846, right: 310.65247, bottom: 128.9231 } output=Rect { left: -16.484375, top: -0.4831543, right: 319.65247, bottom: 142.9231 }
proto-pass directional_blur content=Rect { left: -7.484375, top: 13.516846, right: 310.65247, bottom: 128.9231 } output=Rect { left: -16.484375, top: -0.4831543, right: 319.65247, bottom: 142.9231 }
proto-pass directional_blur content=Rect { left: 4.515625, top: 25.516876, right: 298.65247, bottom: 116.92313 } output=Rect { left: -16.484375, top: 24.516876, right: 319.65247, bottom: 117.92313 }
proto-pass directional_blur content=Rect { left: -36.440735, top: -51.173912, right: 339.09796, bottom: 193.47 } output=Rect { left: -52.440735, top: -67.17391, right: 355.09796, bottom: 209.47 }
proto-pass directional_blur content=Rect { left: 4.515625, top: 25.516876, right: 298.65247, bottom: 116.92313 } output=Rect { left: -16.484375, top: 24.516876, right: 319.65247, bottom: 117.92313 }
proto-pass directional_blur content=Rect { left: -38.4162, top: -54.87507, right: 341.07043, bottom: 197.21375 } output=Rect { left: -54.4162, top: -70.87507, right: 357.07043, bottom: 213.21375 }
proto-pass directional_blur content=Rect { left: 4.515625, top: 25.516876, right: 298.6525, bottom: 116.92313 } output=Rect { left: -16.484375, top: 24.516876, right: 319.6525, bottom: 117.92313 }
proto-pass directional_blur content=Rect { left: -40.359253, top: -58.516026, right: 343.01215, bottom: 200.89557 } output=Rect { left: -56.359253, top: -74.51602, right: 359.01215, bottom: 216.89557 }
proto-pass directional_blur content=Rect { left: 4.515625, top: 25.516876, right: 298.65247, bottom: 116.92313 } output=Rect { left: 2.515625, top: 4.516876, right: 300.65247, bottom: 137.92313 }
proto-pass directional_blur content=Rect { left: 4.515625, top: 25.516846, right: 298.6525, bottom: 116.923096 } output=Rect { left: -14.484375, top: 13.516846, right: 317.6525, bottom: 128.9231 }
proto-pass directional_blur content=Rect { left: 4.515564, top: 25.516876, right: 298.6524, bottom: 116.92313 } output=Rect { left: 2.515564, top: 4.516876, right: 300.6524, bottom: 137.92313 }
proto-pass directional_blur content=Rect { left: 4.515625, top: 25.516846, right: 298.65247, bottom: 116.923096 } output=Rect { left: -39.484375, top: -18.483154, right: 342.65247, bottom: 160.9231 }
proto-pass directional_blur content=Rect { left: 4.515625, top: 25.516846, right: 298.6525, bottom: 116.923096 } output=Rect { left: -14.484375, top: 13.516846, right: 317.6525, bottom: 128.9231 }
proto-pass directional_blur content=Rect { left: 4.515747, top: 25.516876, right: 298.65253, bottom: 116.92313 } output=Rect { left: 2.515747, top: 4.516876, right: 300.65253, bottom: 137.92313 }
proto-pass directional_blur content=Rect { left: 4.515625, top: 25.516846, right: 298.65247, bottom: 116.923096 } output=Rect { left: -39.484375, top: -18.483154, right: 342.65247, bottom: 160.9231 }
proto-pass directional_blur content=Rect { left: 4.515625, top: 25.516846, right: 298.6525, bottom: 116.923096 } output=Rect { left: -14.484375, top: 13.516846, right: 317.6525, bottom: 128.9231 }
proto-pass directional_blur content=Rect { left: 4.515625, top: 25.516846, right: 298.65247, bottom: 116.923096 } output=Rect { left: -39.484375, top: -18.483154, right: 342.65247, bottom: 160.9231 }
proto-pass directional_blur content=Rect { left: -7.484375, top: 13.516846, right: 310.65247, bottom: 128.9231 } output=Rect { left: -16.484375, top: -0.4831543, right: 319.65247, bottom: 142.9231 }
proto-pass directional_blur content=Rect { left: -7.484375, top: 13.516846, right: 310.65247, bottom: 128.9231 } output=Rect { left: -16.484375, top: -0.4831543, right: 319.65247, bottom: 142.9231 }
proto-pass directional_blur content=Rect { left: -7.484375, top: 13.516846, right: 310.65247, bottom: 128.9231 } output=Rect { left: -16.484375, top: -0.4831543, right: 319.65247, bottom: 142.9231 }
proto-pass directional_blur content=Rect { left: 4.515625, top: 25.516876, right: 298.65247, bottom: 116.92313 } output=Rect { left: -16.484375, top: 24.516876, right: 319.65247, bottom: 117.92313 }
render  45/90 frames  4.4 s
proto-pass directional_blur content=Rect { left: -41.358887, top: -60.389126, right: 344.0114, bottom: 202.78918 } output=Rect { left: -57.358887, top: -76.38913, right: 360.0114, bottom: 218.78918 }
proto-pass directional_blur content=Rect { left: 4.515625, top: 25.516876, right: 298.6525, bottom: 116.92313 } output=Rect { left: -16.484375, top: 24.516876, right: 319.6525, bottom: 117.92313 }
proto-pass directional_blur content=Rect { left: -43.295532, top: -64.018616, right: 345.94904, bottom: 206.45786 } output=Rect { left: -59.295532, top: -80.018616, right: 361.94904, bottom: 222.45786 }
proto-pass directional_blur content=Rect { left: 4.515625, top: 25.516876, right: 298.6525, bottom: 116.92313 } output=Rect { left: -16.484375, top: 24.516876, right: 319.6525, bottom: 117.92313 }
proto-pass directional_blur content=Rect { left: 4.515625, top: 25.516876, right: 298.65247, bottom: 116.92313 } output=Rect { left: 2.515625, top: 4.516876, right: 300.65247, bottom: 137.92313 }
proto-pass directional_blur content=Rect { left: -45.2558, top: -67.69275, right: 347.91193, bottom: 210.17044 } output=Rect { left: -61.2558, top: -83.69275, right: 363.91193, bottom: 226.17044 }
proto-pass directional_blur content=Rect { left: 4.515625, top: 25.516846, right: 298.6525, bottom: 116.923096 } output=Rect { left: -14.484375, top: 13.516846, right: 317.6525, bottom: 128.9231 }
proto-pass directional_blur content=Rect { left: 4.515625, top: 25.516846, right: 298.65253, bottom: 116.923096 } output=Rect { left: -39.484375, top: -18.483154, right: 342.65253, bottom: 160.9231 }
proto-pass directional_blur content=Rect { left: 4.515564, top: 25.516876, right: 298.6524, bottom: 116.92313 } output=Rect { left: 2.515564, top: 4.516876, right: 300.6524, bottom: 137.92313 }
proto-pass directional_blur content=Rect { left: 4.515625, top: 25.516846, right: 298.6525, bottom: 116.923096 } output=Rect { left: -14.484375, top: 13.516846, right: 317.6525, bottom: 128.9231 }
proto-pass directional_blur content=Rect { left: 4.515747, top: 25.516876, right: 298.65253, bottom: 116.92313 } output=Rect { left: 2.515747, top: 4.516876, right: 300.65253, bottom: 137.92313 }
proto-pass directional_blur content=Rect { left: 4.515625, top: 25.516846, right: 298.65253, bottom: 116.923096 } output=Rect { left: -39.484375, top: -18.483154, right: 342.65253, bottom: 160.9231 }
proto-pass directional_blur content=Rect { left: 4.515625, top: 25.516846, right: 298.6525, bottom: 116.923096 } output=Rect { left: -14.484375, top: 13.516846, right: 317.6525, bottom: 128.9231 }
proto-pass directional_blur content=Rect { left: 4.515625, top: 25.516846, right: 298.65253, bottom: 116.923096 } output=Rect { left: -39.484375, top: -18.483154, right: 342.65253, bottom: 160.9231 }
proto-pass directional_blur content=Rect { left: -7.484375, top: 13.516846, right: 310.65247, bottom: 128.9231 } output=Rect { left: -16.484375, top: -0.4831543, right: 319.65247, bottom: 142.9231 }
proto-pass directional_blur content=Rect { left: -7.484375, top: 13.516846, right: 310.65247, bottom: 128.9231 } output=Rect { left: -16.484375, top: -0.4831543, right: 319.65247, bottom: 142.9231 }
proto-pass directional_blur content=Rect { left: 4.515625, top: 25.516876, right: 298.6525, bottom: 116.92313 } output=Rect { left: -16.484375, top: 24.516876, right: 319.6525, bottom: 117.92313 }
proto-pass directional_blur content=Rect { left: -7.484375, top: 13.516846, right: 310.65247, bottom: 128.9231 } output=Rect { left: -16.484375, top: -0.4831543, right: 319.65247, bottom: 142.9231 }
proto-pass directional_blur content=Rect { left: -42.32788, top: -62.205, right: 344.98077, bottom: 204.62483 } output=Rect { left: -58.32788, top: -78.205, right: 360.98077, bottom: 220.62483 }
proto-pass directional_blur content=Rect { left: 4.515625, top: 25.516876, right: 298.6525, bottom: 116.92313 } output=Rect { left: -16.484375, top: 24.516876, right: 319.6525, bottom: 117.92313 }
proto-pass directional_blur content=Rect { left: -44.291016, top: -65.88451, right: 346.94586, bottom: 208.34348 } output=Rect { left: -60.291016, top: -81.88451, right: 362.94586, bottom: 224.34348 }
proto-pass directional_blur content=Rect { left: 4.515625, top: 25.516876, right: 298.65253, bottom: 116.92313 } output=Rect { left: -16.484375, top: 24.516876, right: 319.65253, bottom: 117.92313 }
proto-pass directional_blur content=Rect { left: 4.515564, top: 25.516876, right: 298.65247, bottom: 116.92313 } output=Rect { left: 2.515564, top: 4.516876, right: 300.65247, bottom: 137.92313 }
proto-pass directional_blur content=Rect { left: -46.21869, top: -69.49779, right: 348.87677, bottom: 211.994 } output=Rect { left: -62.21869, top: -85.49779, right: 364.87677, bottom: 227.994 }
proto-pass directional_blur content=Rect { left: 4.515625, top: 25.516846, right: 298.6525, bottom: 116.923096 } output=Rect { left: -14.484375, top: 13.516846, right: 317.6525, bottom: 128.9231 }
proto-pass directional_blur content=Rect { left: 4.515625, top: 25.516846, right: 298.65247, bottom: 116.923096 } output=Rect { left: -39.484375, top: -18.483154, right: 342.65247, bottom: 160.9231 }
proto-pass directional_blur content=Rect { left: 4.515747, top: 25.516876, right: 298.6526, bottom: 116.92313 } output=Rect { left: 2.515747, top: 4.516876, right: 300.6526, bottom: 137.92313 }
proto-pass directional_blur content=Rect { left: 4.515625, top: 25.516846, right: 298.6525, bottom: 116.923096 } output=Rect { left: -14.484375, top: 13.516846, right: 317.6525, bottom: 128.9231 }
proto-pass directional_blur content=Rect { left: 4.515564, top: 25.516876, right: 298.6524, bottom: 116.92313 } output=Rect { left: 2.515564, top: 4.516876, right: 300.6524, bottom: 137.92313 }
proto-pass directional_blur content=Rect { left: 4.515625, top: 25.516846, right: 298.65247, bottom: 116.923096 } output=Rect { left: -39.484375, top: -18.483154, right: 342.65247, bottom: 160.9231 }
proto-pass directional_blur content=Rect { left: 4.515625, top: 25.516846, right: 298.6525, bottom: 116.923096 } output=Rect { left: -14.484375, top: 13.516846, right: 317.6525, bottom: 128.9231 }
proto-pass directional_blur content=Rect { left: 4.515625, top: 25.516846, right: 298.65247, bottom: 116.923096 } output=Rect { left: -39.484375, top: -18.483154, right: 342.65247, bottom: 160.9231 }
proto-pass directional_blur content=Rect { left: -7.484375, top: 13.516846, right: 310.65247, bottom: 128.9231 } output=Rect { left: -16.484375, top: -0.4831543, right: 319.65247, bottom: 142.9231 }
proto-pass directional_blur content=Rect { left: -7.484375, top: 13.516846, right: 310.65247, bottom: 128.9231 } output=Rect { left: -16.484375, top: -0.4831543, right: 319.65247, bottom: 142.9231 }
proto-pass directional_blur content=Rect { left: 4.515625, top: 25.516876, right: 298.6525, bottom: 116.92313 } output=Rect { left: -16.484375, top: 24.516876, right: 319.6525, bottom: 117.92313 }
proto-pass directional_blur content=Rect { left: -7.484375, top: 13.516846, right: 310.65247, bottom: 128.9231 } output=Rect { left: -16.484375, top: -0.4831543, right: 319.65247, bottom: 142.9231 }
proto-pass directional_blur content=Rect { left: -47.208984, top: -71.35413, right: 349.86926, bottom: 213.86903 } output=Rect { left: -63.208984, top: -87.35413, right: 365.86926, bottom: 229.86903 }
proto-pass directional_blur content=Rect { left: 4.515625, top: 25.516876, right: 298.65253, bottom: 116.92313 } output=Rect { left: -16.484375, top: 24.516876, right: 319.65253, bottom: 117.92313 }
proto-pass directional_blur content=Rect { left: -49.125122, top: -74.94629, right: 351.79065, bottom: 217.49652 } output=Rect { left: -65.12512, top: -90.94629, right: 367.79065, bottom: 233.49652 }
proto-pass directional_blur content=Rect { left: 4.515625, top: 25.516876, right: 298.65253, bottom: 116.92313 } output=Rect { left: -16.484375, top: 24.516876, right: 319.65253, bottom: 117.92313 }
render  54/90 frames  5.1 s
proto-pass directional_blur content=Rect { left: -51.06079, top: -78.575775, right: 353.73322, bottom: 221.16058 } output=Rect { left: -67.06079, top: -94.575775, right: 369.73322, bottom: 237.16058 }
proto-pass directional_blur content=Rect { left: 4.515564, top: 25.516876, right: 298.65247, bottom: 116.92313 } output=Rect { left: 2.515564, top: 4.516876, right: 300.65247, bottom: 137.92313 }
proto-pass directional_blur content=Rect { left: 4.515625, top: 25.516846, right: 298.6525, bottom: 116.923096 } output=Rect { left: -14.484375, top: 13.516846, right: 317.6525, bottom: 128.9231 }
proto-pass directional_blur content=Rect { left: 4.515625, top: 25.516846, right: 298.65253, bottom: 116.923096 } output=Rect { left: -39.484375, top: -18.483154, right: 342.65253, bottom: 160.9231 }
proto-pass directional_blur content=Rect { left: 4.515747, top: 25.516876, right: 298.65247, bottom: 116.92313 } output=Rect { left: 2.515747, top: 4.516876, right: 300.65247, bottom: 137.92313 }
proto-pass directional_blur content=Rect { left: 4.515625, top: 25.516846, right: 298.6525, bottom: 116.923096 } output=Rect { left: -14.484375, top: 13.516846, right: 317.6525, bottom: 128.9231 }
proto-pass directional_blur content=Rect { left: 4.515564, top: 25.516876, right: 298.6524, bottom: 116.92313 } output=Rect { left: 2.515564, top: 4.516876, right: 300.6524, bottom: 137.92313 }
proto-pass directional_blur content=Rect { left: 4.515625, top: 25.516846, right: 298.65247, bottom: 116.923096 } output=Rect { left: -39.484375, top: -18.483154, right: 342.65247, bottom: 160.9231 }
proto-pass directional_blur content=Rect { left: 4.515625, top: 25.516846, right: 298.6525, bottom: 116.923096 } output=Rect { left: -14.484375, top: 13.516846, right: 317.6525, bottom: 128.9231 }
proto-pass directional_blur content=Rect { left: 4.515625, top: 25.516846, right: 298.65253, bottom: 116.923096 } output=Rect { left: -39.484375, top: -18.483154, right: 342.65253, bottom: 160.9231 }
proto-pass directional_blur content=Rect { left: -7.484375, top: 13.516846, right: 310.65247, bottom: 128.9231 } output=Rect { left: -16.484375, top: -0.4831543, right: 319.65247, bottom: 142.9231 }
proto-pass directional_blur content=Rect { left: -7.484375, top: 13.516846, right: 310.65247, bottom: 128.9231 } output=Rect { left: -16.484375, top: -0.4831543, right: 319.65247, bottom: 142.9231 }
proto-pass directional_blur content=Rect { left: 4.515625, top: 25.516876, right: 298.6525, bottom: 116.92313 } output=Rect { left: -16.484375, top: 24.516876, right: 319.6525, bottom: 117.92313 }
proto-pass directional_blur content=Rect { left: -7.484375, top: 13.516846, right: 310.65247, bottom: 128.9231 } output=Rect { left: -16.484375, top: -0.4831543, right: 319.65247, bottom: 142.9231 }
proto-pass directional_blur content=Rect { left: -48.16809, top: -73.152145, right: 350.83093, bottom: 215.68492 } output=Rect { left: -64.16809, top: -89.152145, right: 366.83093, bottom: 231.68492 }
proto-pass directional_blur content=Rect { left: 4.515625, top: 25.516876, right: 298.6525, bottom: 116.92313 } output=Rect { left: -16.484375, top: 24.516876, right: 319.6525, bottom: 117.92313 }
proto-pass directional_blur content=Rect { left: -50.10858, top: -76.790436, right: 352.7777, bottom: 219.35835 } output=Rect { left: -66.10858, top: -92.790436, right: 368.7777, bottom: 235.35835 }
proto-pass directional_blur content=Rect { left: 4.515625, top: 25.516876, right: 298.65253, bottom: 116.92313 } output=Rect { left: -16.484375, top: 24.516876, right: 319.65253, bottom: 117.92313 }
proto-pass directional_blur content=Rect { left: 4.515747, top: 25.516876, right: 298.65265, bottom: 116.92313 } output=Rect { left: 2.515747, top: 4.516876, right: 300.65265, bottom: 137.92313 }
proto-pass directional_blur content=Rect { left: -52.010498, top: -80.35654, right: 354.68677, bottom: 222.95778 } output=Rect { left: -68.0105, top: -96.35654, right: 370.68677, bottom: 238.95778 }
proto-pass directional_blur content=Rect { left: 4.515625, top: 25.516846, right: 298.6525, bottom: 116.923096 } output=Rect { left: -14.484375, top: 13.516846, right: 317.6525, bottom: 128.9231 }
proto-pass directional_blur content=Rect { left: 4.515625, top: 25.516846, right: 298.65247, bottom: 116.923096 } output=Rect { left: -39.484375, top: -18.483154, right: 342.65247, bottom: 160.9231 }
proto-pass directional_blur content=Rect { left: 4.515564, top: 25.516876, right: 298.65247, bottom: 116.92313 } output=Rect { left: 2.515564, top: 4.516876, right: 300.65247, bottom: 137.92313 }
proto-pass directional_blur content=Rect { left: 4.515625, top: 25.516846, right: 298.6525, bottom: 116.923096 } output=Rect { left: -14.484375, top: 13.516846, right: 317.6525, bottom: 128.9231 }
proto-pass directional_blur content=Rect { left: 4.515747, top: 25.516876, right: 298.6526, bottom: 116.92313 } output=Rect { left: 2.515747, top: 4.516876, right: 300.6526, bottom: 137.92313 }
proto-pass directional_blur content=Rect { left: 4.515625, top: 25.516846, right: 298.65247, bottom: 116.923096 } output=Rect { left: -39.484375, top: -18.483154, right: 342.65247, bottom: 160.9231 }
proto-pass directional_blur content=Rect { left: 4.515625, top: 25.516846, right: 298.6525, bottom: 116.923096 } output=Rect { left: -14.484375, top: 13.516846, right: 317.6525, bottom: 128.9231 }
proto-pass directional_blur content=Rect { left: 4.515625, top: 25.516846, right: 298.65253, bottom: 116.923096 } output=Rect { left: -39.484375, top: -18.483154, right: 342.65253, bottom: 160.9231 }
proto-pass directional_blur content=Rect { left: -7.484375, top: 13.516846, right: 310.65247, bottom: 128.9231 } output=Rect { left: -16.484375, top: -0.4831543, right: 319.65247, bottom: 142.9231 }
proto-pass directional_blur content=Rect { left: -7.484375, top: 13.516846, right: 310.65247, bottom: 128.9231 } output=Rect { left: -16.484375, top: -0.4831543, right: 319.65247, bottom: 142.9231 }
proto-pass directional_blur content=Rect { left: 4.515625, top: 25.516876, right: 298.6525, bottom: 116.92313 } output=Rect { left: -16.484375, top: 24.516876, right: 319.6525, bottom: 117.92313 }
proto-pass directional_blur content=Rect { left: -52.986023, top: -82.185905, right: 355.66644, bottom: 224.80383 } output=Rect { left: -68.98602, top: -98.185905, right: 371.66644, bottom: 240.80383 }
proto-pass directional_blur content=Rect { left: -7.484375, top: 13.516846, right: 310.65247, bottom: 128.9231 } output=Rect { left: -16.484375, top: -0.4831543, right: 319.65247, bottom: 142.9231 }
proto-pass directional_blur content=Rect { left: 4.515625, top: 25.516876, right: 298.6525, bottom: 116.92313 } output=Rect { left: -16.484375, top: 24.516876, right: 319.6525, bottom: 117.92313 }
proto-pass directional_blur content=Rect { left: -54.870728, top: -85.720985, right: 357.5606, bottom: 228.37009 } output=Rect { left: -70.87073, top: -101.720985, right: 373.5606, bottom: 244.37009 }
proto-pass directional_blur content=Rect { left: 4.515625, top: 25.516876, right: 298.65253, bottom: 116.92313 } output=Rect { left: -16.484375, top: 24.516876, right: 319.65253, bottom: 117.92313 }
proto-pass directional_blur content=Rect { left: 4.515747, top: 25.516876, right: 298.65265, bottom: 116.92313 } output=Rect { left: 2.515747, top: 4.516876, right: 300.65265, bottom: 137.92313 }
proto-pass directional_blur content=Rect { left: -56.77118, top: -89.28578, right: 359.47168, bottom: 231.96513 } output=Rect { left: -72.77118, top: -105.28578, right: 375.47168, bottom: 247.96513 }
proto-pass directional_blur content=Rect { left: 4.515625, top: 25.516846, right: 298.6525, bottom: 116.923096 } output=Rect { left: -14.484375, top: 13.516846, right: 317.6525, bottom: 128.9231 }
proto-pass directional_blur content=Rect { left: 4.515625, top: 25.516846, right: 298.65253, bottom: 116.923096 } output=Rect { left: -39.484375, top: -18.483154, right: 342.65253, bottom: 160.9231 }
proto-pass directional_blur content=Rect { left: 4.515564, top: 25.516876, right: 298.65247, bottom: 116.92313 } output=Rect { left: 2.515564, top: 4.516876, right: 300.65247, bottom: 137.92313 }
proto-pass directional_blur content=Rect { left: 4.515625, top: 25.516846, right: 298.6525, bottom: 116.923096 } output=Rect { left: -14.484375, top: 13.516846, right: 317.6525, bottom: 128.9231 }
proto-pass directional_blur content=Rect { left: 4.515747, top: 25.516876, right: 298.6526, bottom: 116.92313 } output=Rect { left: 2.515747, top: 4.516876, right: 300.6526, bottom: 137.92313 }
proto-pass directional_blur content=Rect { left: 4.515625, top: 25.516846, right: 298.65247, bottom: 116.923096 } output=Rect { left: -39.484375, top: -18.483154, right: 342.65247, bottom: 160.9231 }
proto-pass directional_blur content=Rect { left: 4.515625, top: 25.516846, right: 298.6525, bottom: 116.923096 } output=Rect { left: -14.484375, top: 13.516846, right: 317.6525, bottom: 128.9231 }
proto-pass directional_blur content=Rect { left: 4.515625, top: 25.516846, right: 298.65247, bottom: 116.923096 } output=Rect { left: -39.484375, top: -18.483154, right: 342.65247, bottom: 160.9231 }
proto-pass directional_blur content=Rect { left: -7.484375, top: 13.516846, right: 310.65247, bottom: 128.9231 } output=Rect { left: -16.484375, top: -0.4831543, right: 319.65247, bottom: 142.9231 }
proto-pass directional_blur content=Rect { left: -7.484375, top: 13.516846, right: 310.65247, bottom: 128.9231 } output=Rect { left: -16.484375, top: -0.4831543, right: 319.65247, bottom: 142.9231 }
proto-pass directional_blur content=Rect { left: 4.515625, top: 25.516876, right: 298.65253, bottom: 116.92313 } output=Rect { left: -16.484375, top: 24.516876, right: 319.65253, bottom: 117.92313 }
proto-pass directional_blur content=Rect { left: -53.92981, top: -83.95622, right: 356.61493, bottom: 226.58989 } output=Rect { left: -69.92981, top: -99.95622, right: 372.61493, bottom: 242.58989 }
proto-pass directional_blur content=Rect { left: -7.484375, top: 13.516846, right: 310.65247, bottom: 128.9231 } output=Rect { left: -16.484375, top: -0.4831543, right: 319.65247, bottom: 142.9231 }
proto-pass directional_blur content=Rect { left: 4.515625, top: 25.516876, right: 298.65253, bottom: 116.92313 } output=Rect { left: -16.484375, top: 24.516876, right: 319.65253, bottom: 117.92313 }
proto-pass directional_blur content=Rect { left: -55.836792, top: -87.53309, right: 358.5321, bottom: 230.19778 } output=Rect { left: -71.83679, top: -103.53309, right: 374.5321, bottom: 246.19778 }
proto-pass directional_blur content=Rect { left: 4.515625, top: 25.516876, right: 298.6525, bottom: 116.92313 } output=Rect { left: -16.484375, top: 24.516876, right: 319.6525, bottom: 117.92313 }
proto-pass directional_blur content=Rect { left: 4.515625, top: 25.516876, right: 298.65253, bottom: 116.92313 } output=Rect { left: 2.515625, top: 4.516876, right: 300.65253, bottom: 137.92313 }
proto-pass directional_blur content=Rect { left: -57.702026, top: -91.03211, right: 360.40814, bottom: 233.72583 } output=Rect { left: -73.70203, top: -107.03211, right: 376.40814, bottom: 249.72583 }
proto-pass directional_blur content=Rect { left: 4.515625, top: 25.516846, right: 298.6525, bottom: 116.923096 } output=Rect { left: -14.484375, top: 13.516846, right: 317.6525, bottom: 128.9231 }
proto-pass directional_blur content=Rect { left: 4.515625, top: 25.516846, right: 298.65247, bottom: 116.923096 } output=Rect { left: -39.484375, top: -18.483154, right: 342.65247, bottom: 160.9231 }
proto-pass directional_blur content=Rect { left: 4.515564, top: 25.516876, right: 298.65247, bottom: 116.92313 } output=Rect { left: 2.515564, top: 4.516876, right: 300.65247, bottom: 137.92313 }
proto-pass directional_blur content=Rect { left: 4.515625, top: 25.516846, right: 298.6525, bottom: 116.923096 } output=Rect { left: -14.484375, top: 13.516846, right: 317.6525, bottom: 128.9231 }
proto-pass directional_blur content=Rect { left: 4.515625, top: 25.516846, right: 298.65247, bottom: 116.923096 } output=Rect { left: -39.484375, top: -18.483154, right: 342.65247, bottom: 160.9231 }
proto-pass directional_blur content=Rect { left: 4.515625, top: 25.516876, right: 298.65247, bottom: 116.92313 } output=Rect { left: 2.515625, top: 4.516876, right: 300.65247, bottom: 137.92313 }
proto-pass directional_blur content=Rect { left: 4.515625, top: 25.516846, right: 298.6525, bottom: 116.923096 } output=Rect { left: -14.484375, top: 13.516846, right: 317.6525, bottom: 128.9231 }
proto-pass directional_blur content=Rect { left: 4.515625, top: 25.516846, right: 298.65253, bottom: 116.923096 } output=Rect { left: -39.484375, top: -18.483154, right: 342.65253, bottom: 160.9231 }
proto-pass directional_blur content=Rect { left: -7.484375, top: 13.516846, right: 310.65247, bottom: 128.9231 } output=Rect { left: -16.484375, top: -0.4831543, right: 319.65247, bottom: 142.9231 }
proto-pass directional_blur content=Rect { left: -7.484375, top: 13.516846, right: 310.65247, bottom: 128.9231 } output=Rect { left: -16.484375, top: -0.4831543, right: 319.65247, bottom: 142.9231 }
proto-pass directional_blur content=Rect { left: 4.515625, top: 25.516876, right: 298.65253, bottom: 116.92313 } output=Rect { left: -16.484375, top: 24.516876, right: 319.65253, bottom: 117.92313 }
render  63/90 frames  6.3 s
proto-pass directional_blur content=Rect { left: -58.65735, top: -92.82442, right: 361.36963, bottom: 235.53249 } output=Rect { left: -74.65735, top: -108.82442, right: 377.36963, bottom: 251.53249 }
proto-pass directional_blur content=Rect { left: -7.484375, top: 13.516846, right: 310.65247, bottom: 128.9231 } output=Rect { left: -16.484375, top: -0.4831543, right: 319.65247, bottom: 142.9231 }
proto-pass directional_blur content=Rect { left: 4.515625, top: 25.516876, right: 298.6525, bottom: 116.92313 } output=Rect { left: -16.484375, top: 24.516876, right: 319.6525, bottom: 117.92313 }
proto-pass directional_blur content=Rect { left: -60.500305, top: -96.28235, right: 363.2251, bottom: 239.01721 } output=Rect { left: -76.500305, top: -112.28235, right: 379.2251, bottom: 255.01721 }
proto-pass directional_blur content=Rect { left: 4.515625, top: 25.516876, right: 298.6525, bottom: 116.92313 } output=Rect { left: -16.484375, top: 24.516876, right: 319.6525, bottom: 117.92313 }
proto-pass directional_blur content=Rect { left: 4.515625, top: 25.516876, right: 298.65253, bottom: 116.92313 } output=Rect { left: 2.515625, top: 4.516876, right: 300.65253, bottom: 137.92313 }
proto-pass directional_blur content=Rect { left: -62.354553, top: -99.76215, right: 365.09314, bottom: 242.52267 } output=Rect { left: -78.35455, top: -115.76215, right: 381.09314, bottom: 258.52267 }
proto-pass directional_blur content=Rect { left: 4.515625, top: 25.516846, right: 298.6525, bottom: 116.923096 } output=Rect { left: -14.484375, top: 13.516846, right: 317.6525, bottom: 128.9231 }
proto-pass directional_blur content=Rect { left: 4.515625, top: 25.516846, right: 298.65253, bottom: 116.923096 } output=Rect { left: -39.484375, top: -18.483154, right: 342.65253, bottom: 160.9231 }
proto-pass directional_blur content=Rect { left: 4.515564, top: 25.516876, right: 298.65247, bottom: 116.92313 } output=Rect { left: 2.515564, top: 4.516876, right: 300.65247, bottom: 137.92313 }
proto-pass directional_blur content=Rect { left: 4.515625, top: 25.516846, right: 298.6525, bottom: 116.923096 } output=Rect { left: -14.484375, top: 13.516846, right: 317.6525, bottom: 128.9231 }
proto-pass directional_blur content=Rect { left: 4.515625, top: 25.516846, right: 298.65247, bottom: 116.923096 } output=Rect { left: -39.484375, top: -18.483154, right: 342.65247, bottom: 160.9231 }
proto-pass directional_blur content=Rect { left: 4.515625, top: 25.516876, right: 298.65247, bottom: 116.92313 } output=Rect { left: 2.515625, top: 4.516876, right: 300.65247, bottom: 137.92313 }
proto-pass directional_blur content=Rect { left: 4.515625, top: 25.516846, right: 298.6525, bottom: 116.923096 } output=Rect { left: -14.484375, top: 13.516846, right: 317.6525, bottom: 128.9231 }
proto-pass directional_blur content=Rect { left: 4.515625, top: 25.516846, right: 298.65247, bottom: 116.923096 } output=Rect { left: -39.484375, top: -18.483154, right: 342.65247, bottom: 160.9231 }
proto-pass directional_blur content=Rect { left: -7.484375, top: 13.516846, right: 310.65247, bottom: 128.9231 } output=Rect { left: -16.484375, top: -0.4831543, right: 319.65247, bottom: 142.9231 }
proto-pass directional_blur content=Rect { left: -7.484375, top: 13.516846, right: 310.65247, bottom: 128.9231 } output=Rect { left: -16.484375, top: -0.4831543, right: 319.65247, bottom: 142.9231 }
proto-pass directional_blur content=Rect { left: 4.515625, top: 25.516876, right: 298.65253, bottom: 116.92313 } output=Rect { left: -16.484375, top: 24.516876, right: 319.65253, bottom: 117.92313 }
proto-pass directional_blur content=Rect { left: -59.58075, top: -94.55701, right: 362.2992, bottom: 237.27864 } output=Rect { left: -75.58075, top: -110.55701, right: 378.2992, bottom: 253.27864 }
proto-pass directional_blur content=Rect { left: -7.484375, top: 13.516846, right: 310.65247, bottom: 128.9231 } output=Rect { left: -16.484375, top: -0.4831543, right: 319.65247, bottom: 142.9231 }
proto-pass directional_blur content=Rect { left: 4.515625, top: 25.516876, right: 298.65253, bottom: 116.92313 } output=Rect { left: -16.484375, top: 24.516876, right: 319.65253, bottom: 117.92313 }
proto-pass directional_blur content=Rect { left: -61.44348, top: -98.05218, right: 364.17505, bottom: 240.80026 } output=Rect { left: -77.44348, top: -114.05218, right: 380.17505, bottom: 256.80026 }
proto-pass directional_blur content=Rect { left: 4.515625, top: 25.516876, right: 298.6525, bottom: 116.92313 } output=Rect { left: -16.484375, top: 24.516876, right: 319.6525, bottom: 117.92313 }
proto-pass directional_blur content=Rect { left: 4.515564, top: 25.516876, right: 298.6524, bottom: 116.92313 } output=Rect { left: 2.515564, top: 4.516876, right: 300.6524, bottom: 137.92313 }
proto-pass directional_blur content=Rect { left: -63.261353, top: -101.46404, right: 366.00708, bottom: 244.23663 } output=Rect { left: -79.26135, top: -117.46404, right: 382.00708, bottom: 260.23663 }
proto-pass directional_blur content=Rect { left: 4.515625, top: 25.516846, right: 298.6525, bottom: 116.923096 } output=Rect { left: -14.484375, top: 13.516846, right: 317.6525, bottom: 128.9231 }
proto-pass directional_blur content=Rect { left: 4.515625, top: 25.516846, right: 298.65253, bottom: 116.923096 } output=Rect { left: -39.484375, top: -18.483154, right: 342.65253, bottom: 160.9231 }
proto-pass directional_blur content=Rect { left: 4.515747, top: 25.516876, right: 298.65253, bottom: 116.92313 } output=Rect { left: 2.515747, top: 4.516876, right: 300.65253, bottom: 137.92313 }
proto-pass directional_blur content=Rect { left: 4.515625, top: 25.516846, right: 298.6525, bottom: 116.923096 } output=Rect { left: -14.484375, top: 13.516846, right: 317.6525, bottom: 128.9231 }
proto-pass directional_blur content=Rect { left: 4.515625, top: 25.516846, right: 298.65253, bottom: 116.923096 } output=Rect { left: -39.484375, top: -18.483154, right: 342.65253, bottom: 160.9231 }
proto-pass directional_blur content=Rect { left: 4.515564, top: 25.516876, right: 298.65247, bottom: 116.92313 } output=Rect { left: 2.515564, top: 4.516876, right: 300.65247, bottom: 137.92313 }
proto-pass directional_blur content=Rect { left: 4.515625, top: 25.516846, right: 298.6525, bottom: 116.923096 } output=Rect { left: -14.484375, top: 13.516846, right: 317.6525, bottom: 128.9231 }
proto-pass directional_blur content=Rect { left: -7.484375, top: 13.516846, right: 310.65247, bottom: 128.9231 } output=Rect { left: -16.484375, top: -0.4831543, right: 319.65247, bottom: 142.9231 }
proto-pass directional_blur content=Rect { left: 4.515625, top: 25.516846, right: 298.65253, bottom: 116.923096 } output=Rect { left: -39.484375, top: -18.483154, right: 342.65253, bottom: 160.9231 }
proto-pass directional_blur content=Rect { left: -7.484375, top: 13.516846, right: 310.65247, bottom: 128.9231 } output=Rect { left: -16.484375, top: -0.4831543, right: 319.65247, bottom: 142.9231 }
proto-pass directional_blur content=Rect { left: 4.515625, top: 25.516876, right: 298.65253, bottom: 116.92313 } output=Rect { left: -16.484375, top: 24.516876, right: 319.65253, bottom: 117.92313 }
proto-pass directional_blur content=Rect { left: -64.190796, top: -103.20882, right: 366.94427, bottom: 245.99341 } output=Rect { left: -80.190796, top: -119.20882, right: 382.94427, bottom: 261.9934 }
proto-pass directional_blur content=Rect { left: -7.484375, top: 13.516846, right: 310.65247, bottom: 128.9231 } output=Rect { left: -16.484375, top: -0.4831543, right: 319.65247, bottom: 142.9231 }
proto-pass directional_blur content=Rect { left: 4.515625, top: 25.516876, right: 298.65247, bottom: 116.92313 } output=Rect { left: -16.484375, top: 24.516876, right: 319.65247, bottom: 117.92313 }
proto-pass directional_blur content=Rect { left: -65.98114, top: -106.569565, right: 368.74988, bottom: 249.37633 } output=Rect { left: -81.98114, top: -122.569565, right: 384.74988, bottom: 265.37634 }
proto-pass directional_blur content=Rect { left: 4.515625, top: 25.516876, right: 298.6525, bottom: 116.92313 } output=Rect { left: -16.484375, top: 24.516876, right: 319.6525, bottom: 117.92313 }
render  72/90 frames  7.0 s
proto-pass directional_blur content=Rect { left: 4.515564, top: 25.516876, right: 298.6524, bottom: 116.92313 } output=Rect { left: 2.515564, top: 4.516876, right: 300.6524, bottom: 137.92313 }
proto-pass directional_blur content=Rect { left: -67.77838, top: -109.94391, right: 370.56354, bottom: 252.77145 } output=Rect { left: -83.77838, top: -125.94391, right: 386.56354, bottom: 268.77145 }
proto-pass directional_blur content=Rect { left: 4.515625, top: 25.516846, right: 298.6525, bottom: 116.923096 } output=Rect { left: -14.484375, top: 13.516846, right: 317.6525, bottom: 128.9231 }
proto-pass directional_blur content=Rect { left: 4.515625, top: 25.516846, right: 298.65247, bottom: 116.923096 } output=Rect { left: -39.484375, top: -18.483154, right: 342.65247, bottom: 160.9231 }
proto-pass directional_blur content=Rect { left: 4.515747, top: 25.516876, right: 298.65253, bottom: 116.92313 } output=Rect { left: 2.515747, top: 4.516876, right: 300.65253, bottom: 137.92313 }
proto-pass directional_blur content=Rect { left: 4.515625, top: 25.516846, right: 298.6525, bottom: 116.923096 } output=Rect { left: -14.484375, top: 13.516846, right: 317.6525, bottom: 128.9231 }
proto-pass directional_blur content=Rect { left: 4.515625, top: 25.516846, right: 298.65247, bottom: 116.923096 } output=Rect { left: -39.484375, top: -18.483154, right: 342.65247, bottom: 160.9231 }
proto-pass directional_blur content=Rect { left: 4.515564, top: 25.516876, right: 298.65247, bottom: 116.92313 } output=Rect { left: 2.515564, top: 4.516876, right: 300.65247, bottom: 137.92313 }
proto-pass directional_blur content=Rect { left: 4.515625, top: 25.516846, right: 298.6525, bottom: 116.923096 } output=Rect { left: -14.484375, top: 13.516846, right: 317.6525, bottom: 128.9231 }
proto-pass directional_blur content=Rect { left: -7.484375, top: 13.516846, right: 310.65247, bottom: 128.9231 } output=Rect { left: -16.484375, top: -0.4831543, right: 319.65247, bottom: 142.9231 }
proto-pass directional_blur content=Rect { left: 4.515625, top: 25.516846, right: 298.65247, bottom: 116.923096 } output=Rect { left: -39.484375, top: -18.483154, right: 342.65247, bottom: 160.9231 }
proto-pass directional_blur content=Rect { left: 4.515625, top: 25.516876, right: 298.6525, bottom: 116.92313 } output=Rect { left: -16.484375, top: 24.516876, right: 319.6525, bottom: 117.92313 }
proto-pass directional_blur content=Rect { left: -7.484375, top: 13.516846, right: 310.65247, bottom: 128.9231 } output=Rect { left: -16.484375, top: -0.4831543, right: 319.65247, bottom: 142.9231 }
proto-pass directional_blur content=Rect { left: -65.08838, top: -104.89367, right: 367.84943, bottom: 247.68951 } output=Rect { left: -81.08838, top: -120.89367, right: 383.84943, bottom: 263.6895 }
proto-pass directional_blur content=Rect { left: -7.484375, top: 13.516846, right: 310.65247, bottom: 128.9231 } output=Rect { left: -16.484375, top: -0.4831543, right: 319.65247, bottom: 142.9231 }
proto-pass directional_blur content=Rect { left: 4.515625, top: 25.516876, right: 298.6525, bottom: 116.92313 } output=Rect { left: -16.484375, top: 24.516876, right: 319.6525, bottom: 117.92313 }
proto-pass directional_blur content=Rect { left: -66.89569, top: -108.28674, right: 369.67273, bottom: 251.10426 } output=Rect { left: -82.89569, top: -124.28674, right: 385.67273, bottom: 267.10425 }
proto-pass directional_blur content=Rect { left: 4.515625, top: 25.516876, right: 298.65247, bottom: 116.92313 } output=Rect { left: -16.484375, top: 24.516876, right: 319.65247, bottom: 117.92313 }
proto-pass directional_blur content=Rect { left: 4.515747, top: 25.516876, right: 298.6526, bottom: 116.92313 } output=Rect { left: 2.515747, top: 4.516876, right: 300.6526, bottom: 137.92313 }
proto-pass directional_blur content=Rect { left: -68.65576, top: -111.59146, right: 371.44934, bottom: 254.42867 } output=Rect { left: -84.65576, top: -127.59146, right: 387.44934, bottom: 270.42865 }
proto-pass directional_blur content=Rect { left: 4.515625, top: 25.516846, right: 298.6525, bottom: 116.923096 } output=Rect { left: -14.484375, top: 13.516846, right: 317.6525, bottom: 128.9231 }
proto-pass directional_blur content=Rect { left: 4.515625, top: 25.516846, right: 298.65253, bottom: 116.923096 } output=Rect { left: -39.484375, top: -18.483154, right: 342.65253, bottom: 160.9231 }
proto-pass directional_blur content=Rect { left: 4.515564, top: 25.516876, right: 298.6524, bottom: 116.92313 } output=Rect { left: 2.515564, top: 4.516876, right: 300.6524, bottom: 137.92313 }
proto-pass directional_blur content=Rect { left: 4.515625, top: 25.516846, right: 298.6525, bottom: 116.923096 } output=Rect { left: -14.484375, top: 13.516846, right: 317.6525, bottom: 128.9231 }
proto-pass directional_blur content=Rect { left: 4.515625, top: 25.516846, right: 298.65253, bottom: 116.923096 } output=Rect { left: -39.484375, top: -18.483154, right: 342.65253, bottom: 160.9231 }
proto-pass directional_blur content=Rect { left: 4.515747, top: 25.516876, right: 298.65265, bottom: 116.92313 } output=Rect { left: 2.515747, top: 4.516876, right: 300.65265, bottom: 137.92313 }
proto-pass directional_blur content=Rect { left: 4.515625, top: 25.516846, right: 298.6525, bottom: 116.923096 } output=Rect { left: -14.484375, top: 13.516846, right: 317.6525, bottom: 128.9231 }
proto-pass directional_blur content=Rect { left: -7.484375, top: 13.516846, right: 310.65247, bottom: 128.9231 } output=Rect { left: -16.484375, top: -0.4831543, right: 319.65247, bottom: 142.9231 }
proto-pass directional_blur content=Rect { left: 4.515625, top: 25.516846, right: 298.65253, bottom: 116.923096 } output=Rect { left: -39.484375, top: -18.483154, right: 342.65253, bottom: 160.9231 }
proto-pass directional_blur content=Rect { left: -7.484375, top: 13.516846, right: 310.65247, bottom: 128.9231 } output=Rect { left: -16.484375, top: -0.4831543, right: 319.65247, bottom: 142.9231 }
proto-pass directional_blur content=Rect { left: 4.515625, top: 25.516876, right: 298.6525, bottom: 116.92313 } output=Rect { left: -16.484375, top: 24.516876, right: 319.6525, bottom: 117.92313 }
proto-pass directional_blur content=Rect { left: -69.55383, top: -113.278336, right: 372.35632, bottom: 256.12518 } output=Rect { left: -85.55383, top: -129.27834, right: 388.35632, bottom: 272.12518 }
proto-pass directional_blur content=Rect { left: -7.484375, top: 13.516846, right: 310.65247, bottom: 128.9231 } output=Rect { left: -16.484375, top: -0.4831543, right: 319.65247, bottom: 142.9231 }
proto-pass directional_blur content=Rect { left: 4.515625, top: 25.516876, right: 298.65247, bottom: 116.92313 } output=Rect { left: -16.484375, top: 24.516876, right: 319.65247, bottom: 117.92313 }
proto-pass directional_blur content=Rect { left: -71.2807, top: -116.52191, right: 374.10114, bottom: 259.38605 } output=Rect { left: -87.2807, top: -132.52191, right: 390.10114, bottom: 275.38605 }
proto-pass directional_blur content=Rect { left: 4.515625, top: 25.516876, right: 298.65247, bottom: 116.92313 } output=Rect { left: -16.484375, top: 24.516876, right: 319.65247, bottom: 117.92313 }
proto-pass directional_blur content=Rect { left: 4.515747, top: 25.516876, right: 298.6526, bottom: 116.92313 } output=Rect { left: 2.515747, top: 4.516876, right: 300.6526, bottom: 137.92313 }
proto-pass directional_blur content=Rect { left: -73.00989, top: -119.77055, right: 375.84918, bottom: 262.65063 } output=Rect { left: -89.00989, top: -135.77055, right: 391.84918, bottom: 278.65063 }
proto-pass directional_blur content=Rect { left: 4.515625, top: 25.516846, right: 298.6525, bottom: 116.923096 } output=Rect { left: -14.484375, top: 13.516846, right: 317.6525, bottom: 128.9231 }
proto-pass directional_blur content=Rect { left: 4.515625, top: 25.516846, right: 298.65247, bottom: 116.923096 } output=Rect { left: -39.484375, top: -18.483154, right: 342.65247, bottom: 160.9231 }
proto-pass directional_blur content=Rect { left: 4.515564, top: 25.516876, right: 298.6524, bottom: 116.92313 } output=Rect { left: 2.515564, top: 4.516876, right: 300.6524, bottom: 137.92313 }
proto-pass directional_blur content=Rect { left: 4.515625, top: 25.516846, right: 298.6525, bottom: 116.923096 } output=Rect { left: -14.484375, top: 13.516846, right: 317.6525, bottom: 128.9231 }
proto-pass directional_blur content=Rect { left: 4.515625, top: 25.516846, right: 298.65247, bottom: 116.923096 } output=Rect { left: -39.484375, top: -18.483154, right: 342.65247, bottom: 160.9231 }
proto-pass directional_blur content=Rect { left: 4.515747, top: 25.516876, right: 298.65265, bottom: 116.92313 } output=Rect { left: 2.515747, top: 4.516876, right: 300.65265, bottom: 137.92313 }
proto-pass directional_blur content=Rect { left: 4.515625, top: 25.516846, right: 298.6525, bottom: 116.923096 } output=Rect { left: -14.484375, top: 13.516846, right: 317.6525, bottom: 128.9231 }
proto-pass directional_blur content=Rect { left: -7.484375, top: 13.516846, right: 310.65247, bottom: 128.9231 } output=Rect { left: -16.484375, top: -0.4831543, right: 319.65247, bottom: 142.9231 }
proto-pass directional_blur content=Rect { left: 4.515625, top: 25.516846, right: 298.65247, bottom: 116.923096 } output=Rect { left: -39.484375, top: -18.483154, right: 342.65247, bottom: 160.9231 }
proto-pass directional_blur content=Rect { left: 4.515625, top: 25.516876, right: 298.65247, bottom: 116.92313 } output=Rect { left: -16.484375, top: 24.516876, right: 319.65247, bottom: 117.92313 }
proto-pass directional_blur content=Rect { left: -7.484375, top: 13.516846, right: 310.65247, bottom: 128.9231 } output=Rect { left: -16.484375, top: -0.4831543, right: 319.65247, bottom: 142.9231 }
proto-pass directional_blur content=Rect { left: -70.420166, top: -114.90535, right: 373.2315, bottom: 257.76105 } output=Rect { left: -86.420166, top: -130.90535, right: 389.2315, bottom: 273.76105 }
proto-pass directional_blur content=Rect { left: -7.484375, top: 13.516846, right: 310.65247, bottom: 128.9231 } output=Rect { left: -16.484375, top: -0.4831543, right: 319.65247, bottom: 142.9231 }
proto-pass directional_blur content=Rect { left: 4.515625, top: 25.516876, right: 298.6525, bottom: 116.92313 } output=Rect { left: -16.484375, top: 24.516876, right: 319.6525, bottom: 117.92313 }
proto-pass directional_blur content=Rect { left: -72.161316, top: -118.17616, right: 374.9912, bottom: 261.04865 } output=Rect { left: -88.161316, top: -134.17616, right: 390.9912, bottom: 277.04865 }
proto-pass directional_blur content=Rect { left: 4.515625, top: 25.516876, right: 298.65247, bottom: 116.92313 } output=Rect { left: -16.484375, top: 24.516876, right: 319.65247, bottom: 117.92313 }
proto-pass directional_blur content=Rect { left: 4.515564, top: 25.516876, right: 298.65247, bottom: 116.92313 } output=Rect { left: 2.515564, top: 4.516876, right: 300.65247, bottom: 137.92313 }
proto-pass directional_blur content=Rect { left: -73.85248, top: -121.35364, right: 376.701, bottom: 264.24094 } output=Rect { left: -89.85248, top: -137.35364, right: 392.701, bottom: 280.24094 }
proto-pass directional_blur content=Rect { left: 4.515625, top: 25.516846, right: 298.6525, bottom: 116.923096 } output=Rect { left: -14.484375, top: 13.516846, right: 317.6525, bottom: 128.9231 }
proto-pass directional_blur content=Rect { left: 4.515625, top: 25.516846, right: 298.65253, bottom: 116.923096 } output=Rect { left: -39.484375, top: -18.483154, right: 342.65253, bottom: 160.9231 }
proto-pass directional_blur content=Rect { left: 4.515564, top: 25.516876, right: 298.6524, bottom: 116.92313 } output=Rect { left: 2.515564, top: 4.516876, right: 300.6524, bottom: 137.92313 }
proto-pass directional_blur content=Rect { left: 4.515625, top: 25.516846, right: 298.6525, bottom: 116.923096 } output=Rect { left: -14.484375, top: 13.516846, right: 317.6525, bottom: 128.9231 }
proto-pass directional_blur content=Rect { left: 4.515625, top: 25.516846, right: 298.65253, bottom: 116.923096 } output=Rect { left: -39.484375, top: -18.483154, right: 342.65253, bottom: 160.9231 }
proto-pass directional_blur content=Rect { left: 4.515747, top: 25.516876, right: 298.65247, bottom: 116.92313 } output=Rect { left: 2.515747, top: 4.516876, right: 300.65247, bottom: 137.92313 }
proto-pass directional_blur content=Rect { left: 4.515625, top: 25.516846, right: 298.6525, bottom: 116.923096 } output=Rect { left: -14.484375, top: 13.516846, right: 317.6525, bottom: 128.9231 }
proto-pass directional_blur content=Rect { left: -7.484375, top: 13.516846, right: 310.65247, bottom: 128.9231 } output=Rect { left: -16.484375, top: -0.4831543, right: 319.65247, bottom: 142.9231 }
proto-pass directional_blur content=Rect { left: 4.515625, top: 25.516846, right: 298.65253, bottom: 116.923096 } output=Rect { left: -39.484375, top: -18.483154, right: 342.65253, bottom: 160.9231 }
proto-pass directional_blur content=Rect { left: -7.484375, top: 13.516846, right: 310.65247, bottom: 128.9231 } output=Rect { left: -16.484375, top: -0.4831543, right: 319.65247, bottom: 142.9231 }
proto-pass directional_blur content=Rect { left: 4.515625, top: 25.516876, right: 298.6525, bottom: 116.92313 } output=Rect { left: -16.484375, top: 24.516876, right: 319.6525, bottom: 117.92313 }
render  81/90 frames  8.3 s
proto-pass directional_blur content=Rect { left: -74.71405, top: -122.972626, right: 377.57245, bottom: 265.8669 } output=Rect { left: -90.71405, top: -138.97263, right: 393.57245, bottom: 281.8669 }
proto-pass directional_blur content=Rect { left: -7.484375, top: 13.516846, right: 310.65247, bottom: 128.9231 } output=Rect { left: -16.484375, top: -0.4831543, right: 319.65247, bottom: 142.9231 }
proto-pass directional_blur content=Rect { left: 4.515625, top: 25.516876, right: 298.6525, bottom: 116.92313 } output=Rect { left: -16.484375, top: 24.516876, right: 319.6525, bottom: 117.92313 }
proto-pass directional_blur content=Rect { left: -76.367004, top: -126.07918, right: 379.24493, bottom: 268.9859 } output=Rect { left: -92.367004, top: -142.07918, right: 395.24493, bottom: 284.9859 }
proto-pass directional_blur content=Rect { left: 4.515625, top: 25.516876, right: 298.65247, bottom: 116.92313 } output=Rect { left: -16.484375, top: 24.516876, right: 319.65247, bottom: 117.92313 }
proto-pass directional_blur content=Rect { left: 4.515564, top: 25.516876, right: 298.65247, bottom: 116.92313 } output=Rect { left: 2.515564, top: 4.516876, right: 300.65247, bottom: 137.92313 }
proto-pass directional_blur content=Rect { left: -78.01776, top: -129.18227, right: 380.9159, bottom: 272.10004 } output=Rect { left: -94.01776, top: -145.18227, right: 396.9159, bottom: 288.10004 }
proto-pass directional_blur content=Rect { left: 4.515625, top: 25.516846, right: 298.6525, bottom: 116.923096 } output=Rect { left: -14.484375, top: 13.516846, right: 317.6525, bottom: 128.9231 }
proto-pass directional_blur content=Rect { left: 4.515625, top: 25.516846, right: 298.65247, bottom: 116.923096 } output=Rect { left: -39.484375, top: -18.483154, right: 342.65247, bottom: 160.9231 }
proto-pass directional_blur content=Rect { left: 4.515747, top: 25.516876, right: 298.6526, bottom: 116.92313 } output=Rect { left: 2.515747, top: 4.516876, right: 300.6526, bottom: 137.92313 }
proto-pass directional_blur content=Rect { left: 4.515625, top: 25.516846, right: 298.6525, bottom: 116.923096 } output=Rect { left: -14.484375, top: 13.516846, right: 317.6525, bottom: 128.9231 }
proto-pass directional_blur content=Rect { left: 4.515625, top: 25.516846, right: 298.65247, bottom: 116.923096 } output=Rect { left: -39.484375, top: -18.483154, right: 342.65247, bottom: 160.9231 }
proto-pass directional_blur content=Rect { left: 4.515625, top: 25.516876, right: 298.65253, bottom: 116.92313 } output=Rect { left: 2.515625, top: 4.516876, right: 300.65253, bottom: 137.92313 }
proto-pass directional_blur content=Rect { left: 4.515625, top: 25.516846, right: 298.6525, bottom: 116.923096 } output=Rect { left: -14.484375, top: 13.516846, right: 317.6525, bottom: 128.9231 }
proto-pass directional_blur content=Rect { left: -7.484375, top: 13.516846, right: 310.65247, bottom: 128.9231 } output=Rect { left: -16.484375, top: -0.4831543, right: 319.65247, bottom: 142.9231 }
proto-pass directional_blur content=Rect { left: 4.515625, top: 25.516846, right: 298.65247, bottom: 116.923096 } output=Rect { left: -39.484375, top: -18.483154, right: 342.65247, bottom: 160.9231 }
proto-pass directional_blur content=Rect { left: 4.515625, top: 25.516876, right: 298.65247, bottom: 116.92313 } output=Rect { left: -16.484375, top: 24.516876, right: 319.65247, bottom: 117.92313 }
proto-pass directional_blur content=Rect { left: -7.484375, top: 13.516846, right: 310.65247, bottom: 128.9231 } output=Rect { left: -16.484375, top: -0.4831543, right: 319.65247, bottom: 142.9231 }
proto-pass directional_blur content=Rect { left: -75.543884, top: -124.53197, right: 378.41174, bottom: 267.43268 } output=Rect { left: -91.543884, top: -140.53197, right: 394.41174, bottom: 283.43268 }
proto-pass directional_blur content=Rect { left: -7.484375, top: 13.516846, right: 310.65247, bottom: 128.9231 } output=Rect { left: -16.484375, top: -0.4831543, right: 319.65247, bottom: 142.9231 }
proto-pass directional_blur content=Rect { left: 4.515625, top: 25.516876, right: 298.65247, bottom: 116.92313 } output=Rect { left: -16.484375, top: 24.516876, right: 319.65247, bottom: 117.92313 }
proto-pass directional_blur content=Rect { left: -77.20819, top: -127.6604, right: 380.09625, bottom: 270.57297 } output=Rect { left: -93.20819, top: -143.6604, right: 396.09625, bottom: 286.57297 }
proto-pass directional_blur content=Rect { left: 4.515625, top: 25.516876, right: 298.6525, bottom: 116.92313 } output=Rect { left: -16.484375, top: 24.516876, right: 319.6525, bottom: 117.92313 }
proto-pass directional_blur content=Rect { left: 4.515564, top: 25.516876, right: 298.6524, bottom: 116.92313 } output=Rect { left: 2.515564, top: 4.516876, right: 300.6524, bottom: 137.92313 }
proto-pass directional_blur content=Rect { left: -78.82037, top: -130.69124, right: 381.72852, bottom: 273.61377 } output=Rect { left: -94.82037, top: -146.69124, right: 397.72852, bottom: 289.61377 }
proto-pass directional_blur content=Rect { left: 4.515625, top: 25.516846, right: 298.6525, bottom: 116.923096 } output=Rect { left: -14.484375, top: 13.516846, right: 317.6525, bottom: 128.9231 }
proto-pass directional_blur content=Rect { left: 4.515625, top: 25.516846, right: 298.65253, bottom: 116.923096 } output=Rect { left: -39.484375, top: -18.483154, right: 342.65253, bottom: 160.9231 }
proto-pass directional_blur content=Rect { left: 4.515747, top: 25.516876, right: 298.65247, bottom: 116.92313 } output=Rect { left: 2.515747, top: 4.516876, right: 300.65247, bottom: 137.92313 }
proto-pass directional_blur content=Rect { left: 4.515625, top: 25.516846, right: 298.6525, bottom: 116.923096 } output=Rect { left: -14.484375, top: 13.516846, right: 317.6525, bottom: 128.9231 }
proto-pass directional_blur content=Rect { left: 4.515625, top: 25.516846, right: 298.65253, bottom: 116.923096 } output=Rect { left: -39.484375, top: -18.483154, right: 342.65253, bottom: 160.9231 }
proto-pass directional_blur content=Rect { left: 4.515564, top: 25.516876, right: 298.65247, bottom: 116.92313 } output=Rect { left: 2.515564, top: 4.516876, right: 300.65247, bottom: 137.92313 }
proto-pass directional_blur content=Rect { left: 4.515625, top: 25.516846, right: 298.6525, bottom: 116.923096 } output=Rect { left: -14.484375, top: 13.516846, right: 317.6525, bottom: 128.9231 }
proto-pass directional_blur content=Rect { left: -7.484375, top: 13.516846, right: 310.65247, bottom: 128.9231 } output=Rect { left: -16.484375, top: -0.4831543, right: 319.65247, bottom: 142.9231 }
proto-pass directional_blur content=Rect { left: 4.515625, top: 25.516846, right: 298.65253, bottom: 116.923096 } output=Rect { left: -39.484375, top: -18.483154, right: 342.65253, bottom: 160.9231 }
proto-pass directional_blur content=Rect { left: -7.484375, top: 13.516846, right: 310.65247, bottom: 128.9231 } output=Rect { left: -16.484375, top: -0.4831543, right: 319.65247, bottom: 142.9231 }
proto-pass directional_blur content=Rect { left: -7.484375, top: 13.516846, right: 310.65247, bottom: 128.9231 } output=Rect { left: -16.484375, top: -0.4831543, right: 319.65247, bottom: 142.9231 }
render  90/90 frames  9.1 s
